m,method,repetitions,windows_per_repetition,reduce_mean_ms,reduce_mean_iqr_ms,reduce_p50_ms,reduce_p95_ms,update_mops,report_prepare_mean_ms,aggregation_mean_ms,control_mean_ms,coord_peak_mean_kib,upstream_mean_kib,control_mean_kib
100,hl_bucketwise,5,199,2.4531336633165832,0.030940407035175976,2.397314,2.5355051,6.774908784014082,0.010133170854271355,2.463266834170854,0.0,35.055983040201006,1503.6770620904524,0.2814855527638191
100,hybrid_parallel_delta,5,199,5.070161874371859,0.07245452763819138,4.99203,6.388508699999999,6.2386012876831,0.098471432160804,5.496918773869346,0.3325505025125628,2012.606430633166,1755.3404326281407,636.1827889447236
100,hybrid_serial_delta,5,199,9.88868264321608,0.3394839648241206,9.890155,11.062899399999997,6.266793154586197,0.0974756582914573,10.308847623115579,0.3274297286432161,1794.2845084673365,1755.3427881557789,636.1851444723618
500,hl_bucketwise,5,199,11.578366311557788,0.2102871206030148,11.202715,13.078506099999998,5.857536360585719,0.020885432160804022,11.603489964824119,0.0,96.47872173366834,7516.154262552764,0.28470477386934673
500,hybrid_parallel_delta,5,199,27.017985437185928,0.24906253768844522,26.573713,34.2228723,4.3653926366450175,0.10233734673366834,27.457569999999997,0.3397031708542714,8219.008803758794,7854.720192753768,2445.589902638191
500,hybrid_serial_delta,5,199,56.62891664824121,0.6240133869346636,55.967885,68.7159955,4.350286059230277,0.1059754120603015,57.06994655276382,0.3298373768844221,7911.232019482412,7854.727416371858,2445.5971262562816
1000,hl_bucketwise,5,199,22.18933274874372,0.12438709547738824,21.566992,26.082427799999994,6.679205423541053,0.08200790452261306,22.272816351758795,0.0,161.27269158291458,15031.748468643216,0.2711997487437186
1000,hybrid_parallel_delta,5,199,53.17843,0.3869578542713512,51.233683,70.38793179999999,4.24620060200151,0.11644865326633166,53.62315244723618,0.34588997487437184,14964.584916884422,14463.562750502513,4483.89023241206
1000,hybrid_serial_delta,5,199,113.16178288944724,0.4459437989949606,109.760934,141.57864320000002,4.22082947803979,0.12315461809045226,113.60874482914573,0.3351246633165829,14543.807985477386,14463.570916281407,4483.898398241206
