window,method,method_type,N_global,threshold,hh_precision,hh_recall,hh_f1,aae,are,topk_overlap,q_current,q_next,q_head_current,q_tail_current,q_head_next,q_tail_next,head_overlap_count,head_added_count,head_removed_count,head_full_update_bytes,head_delta_update_bytes,head_delta_ratio,head_delta_selected,head_update_apply_ms,margin_alpha,service_violation,q_up,q_baseline,probe_issued,probe_failed,q_req_unclipped,q_req,q_eff_replay,q_eff_pred,q_eff_pred_tilde,miss_req,miss_eff,over_req,over_eff,calib_bias,candidate_count,candidate_hh_recall,cert_pos_count,cert_pos_precision,cert_pos_mass,ambiguous_count,ambiguous_mass,cert_neg_count,cert_neg_mass,interval_width_avg,interval_width_amb_avg,interval_width_max,completeness_certified,unseen_mass_ub,unseen_ub_over_threshold,mem_worker_algo_kib,mem_worker_key_kib,mem_worker_total_kib,report_volume_kib,control_volume_kib,head_update_volume_kib,total_communication_kib,key_request_volume_kib,key_reply_volume_kib,key_resolution_count,mem_coord_ingress_kib,mem_coord_work_kib,mem_coord_control_peak_kib,mem_coord_resolution_peak_kib,mem_coord_peak_kib,update_events,update_ms,update_mops,report_prepare_ms,reduce_ms,control_ms,aggregation_ms
0,ss[policy=difficulty],ss,120000,601,0.625,1,0.7692307692,15.85,0.02178323998,1,200,907,,,,,0,0,0,0,0,,,,0.0034,1,907,907,0,0,907,907,907,907,907,1,1,0.2205071665,0.2205071665,1.511825084,57,1,18,1,0.1159916667,39,0.19085,0,0,0.002187573099,0.002947008547,0.003866666667,,,,9.619140625,9.067089844,18.68623047,95.61621094,1.640625,0,97.25683594,0.9375,1.241210938,32,94.375,10.6484375,9.65625,0.9873046875,105.0234375,120000,53.620861,2.237934971,0.008868,1.73896,0.019818,1.767646
1,ss[policy=difficulty],ss,120000,601,1,1,1,0,0,1,907,907,,,,,0,0,0,0,0,,,,0,0,,907,0,0,0,907,907,907,907,0,0,1,1,0,20,1,20,1,0.1249666667,0,0,0,0,4.166666667e-07,0,8.333333333e-06,,,,39.66328125,63.06738281,102.7306641,426.6240234,1.359375,0,427.9833984,0.65625,0.8427734375,20,425.78125,5.9609375,4.96875,0.654296875,431.7421875,120000,28.951109,4.144918939,0.016308,4.441333,0.01565,4.473291
2,ss[policy=difficulty],ss,120000,601,1,1,1,0,0,1,907,807,,,,,0,0,0,0,0,,,,0,0,,807,1,0,0,807,807,807,807,0,0,1.123915737,1.123915737,-0.1168187818,20,1,20,1,0.1249416667,0,0,0,0,0,0,0,,,,39.66210938,63.06367187,102.7257812,426.6240234,1.359375,0,427.9833984,0.65625,0.8427734375,20,425.78125,5.9609375,4.96875,0.6533203125,431.7421875,120000,25.248302,4.752794861,0.017153,4.068869,0.006345,4.092367
3,ss[policy=difficulty],ss,120000,601,1,1,1,0,0,1,807,807,,,,,0,0,0,0,0,,,,0,0,,807,0,0,0,807,807,807,807,0,0,1,1,0,20,1,20,1,0.1250083333,0,0,0,0,0,0,0,,,,37.12460937,61.43398438,98.55859375,379.8427734,1.453125,0,381.2958984,0.75,0.9365234375,20,378.90625,5.9609375,4.96875,0.6298828125,384.8671875,120000,24.167246,4.965398209,0.02499,7.208256,0.010442,7.243688
4,ss[policy=difficulty],ss,120000,601,1,1,1,0,0,1,807,807,,,,,0,0,0,0,0,,,,0,0,,807,0,0,0,807,807,807,807,0,0,1,1,0,20,1,20,1,0.1250083333,0,0,0,0,0,0,0,,,,37.12382813,37.18544922,74.30927734,379.7802734,1.390625,0,381.1708984,0.6875,0.8740234375,20,378.90625,5.9609375,4.96875,0.6298828125,384.8671875,120000,49.671409,2.415876707,0.024461,3.563496,0.007082,3.595039
5,ss[policy=difficulty],ss,120000,601,1,1,1,0,0,1,807,807,,,,,0,0,0,0,0,,,,0,0,,807,0,0,0,807,807,807,807,0,0,1,1,0,20,1,20,1,0.1250416667,0,0,0,0,0,0,0,,,,37.12265625,37.17626953,74.29892578,379.8115234,1.421875,0,381.2333984,0.71875,0.9052734375,20,378.90625,5.9609375,4.96875,0.630859375,384.8671875,120000,42.744439,2.807382733,0.027138,8.23225,0.015236,8.274624
6,ss[policy=difficulty],ss,120000,601,1,1,1,0,0,1,807,707,,,,,0,0,0,0,0,,,,0,0,,707,1,0,0,707,707,707,707,0,0,1.141442716,1.141442716,-0.1322930024,20,1,20,1,0.1249,0,0,0,0,0,0,0,,,,37.1234375,37.18457031,74.30800781,379.7802734,1.390625,0,381.1708984,0.6875,0.8740234375,20,378.90625,5.9609375,4.96875,0.6298828125,384.8671875,120000,40.888023,2.934844759,0.028527,3.778437,0.019981,3.826945
7,ss[policy=difficulty],ss,120000,601,1,1,1,0.1,0.0001408520508,1,707,707,,,,,0,0,0,0,0,,,,8.333333333e-06,0,,707,0,0,0,707,707,707,707,0,0,1,1,0,20,1,20,1,0.125025,0,0,0,0,8.333333333e-07,0,8.333333333e-06,,,,26.58398438,35.53056641,62.11455078,332.9365234,1.421875,0,334.3583984,0.71875,0.9052734375,20,332.03125,5.9609375,4.96875,0.62890625,337.9921875,120000,30.92643,3.880176276,0.044144,3.455257,0.029297,3.528698
8,ss[policy=difficulty],ss,120000,601,1,1,1,0,0,1,707,707,,,,,0,0,0,0,0,,,,8.333333333e-06,0,,707,0,0,0,707,707,707,707,0,0,1,1,0,20,1,20,1,0.125075,0,0,0,0,8.333333333e-07,0,8.333333333e-06,,,,26.58359375,35.54941406,62.13300781,332.9677734,1.453125,0,334.4208984,0.75,0.9365234375,20,332.03125,5.9609375,4.96875,0.630859375,337.9921875,120000,29.913437,4.011575133,0.016934,4.333519,0.012344,4.362797
9,ss[policy=difficulty],ss,120000,601,1,1,1,0.05,7.496251874e-05,1,707,707,,,,,0,0,0,0,0,,,,0,0,,707,0,0,0,707,707,707,707,0,0,1,1,0,20,1,20,1,0.1250333333,0,0,0,0,4.166666667e-07,0,8.333333333e-06,,,,26.58476562,35.54423828,62.12900391,332.8427734,1.328125,0,334.1708984,0.625,0.8115234375,20,332.03125,5.9609375,4.96875,0.630859375,337.9921875,120000,38.20933,3.140594195,0.030892,6.200438,0.011357,6.242687
10,ss[policy=difficulty],ss,120000,601,1,1,1,0,0,1,707,607,,,,,0,0,0,0,0,,,,0,0,,607,1,0,0,607,607,607,607,0,0,1.164744646,1.164744646,-0.1525018748,20,1,20,1,0.1249416667,0,0,0,0,0,0,0,,,,26.58320313,35.52646484,62.10966797,332.9365234,1.421875,0,334.3583984,0.71875,0.9052734375,20,332.03125,5.9609375,4.96875,0.6533203125,337.9921875,120000,42.341367,2.834107836,0.032117,4.297547,0.007571,4.337235
11,ss[policy=difficulty],ss,120000,601,1,1,1,0,0,1,607,607,,,,,0,0,0,0,0,,,,8.333333333e-06,0,,607,0,0,0,607,607,607,607,0,0,1,1,0,20,1,20,1,0.1251583333,0,0,0,0,1.25e-06,0,1.666666667e-05,,,,24.04453125,33.89755859,57.94208984,286.0615234,1.421875,0,287.4833984,0.71875,0.9052734375,20,285.15625,5.9609375,4.96875,0.630859375,291.1171875,120000,46.106248,2.602684131,0.017053,3.437908,0.010197,3.465158
12,ss[policy=difficulty],ss,120000,601,1,1,1,0.05,7.530120482e-05,1,607,607,,,,,0,0,0,0,0,,,,0,0,,607,0,0,0,607,607,607,607,0,0,1,1,0,20,1,20,1,0.1251083333,0,0,0,0,4.166666667e-07,0,8.333333333e-06,,,,24.04570312,33.90585937,57.9515625,286.1240234,1.484375,0,287.6083984,0.78125,0.9677734375,20,285.15625,5.9609375,4.96875,0.654296875,291.1171875,120000,26.046737,4.607102993,0.017097,5.562199,0.009997,5.589293
13,ss[policy=difficulty],ss,120000,601,1,1,1,0.1,0.000144304952,1,607,607,,,,,0,0,0,0,0,,,,8.333333333e-06,0,,607,0,0,0,607,607,607,607,0,0,1,1,0,20,1,20,1,0.1250166667,0,0,0,0,1.25e-06,0,8.333333333e-06,,,,24.0453125,33.89111328,57.93642578,286.0615234,1.421875,0,287.4833984,0.71875,0.9052734375,20,285.15625,5.9609375,4.96875,0.6806640625,291.1171875,120000,40.742849,2.945302131,0.032254,4.801926,0.016447,4.850627
14,ss[policy=difficulty],ss,120000,601,1,1,1,0.1,0.0001465957566,1,607,507,,,,,0,0,0,0,0,,,,8.333333333e-06,0,,507,1,0,0,507,507,507,507,0,0,1.197238659,1.197238659,-0.1800177875,20,1,20,1,0.1250166667,0,0,0,0,8.333333333e-07,0,8.333333333e-06,,,,24.04492188,33.89580078,57.94072266,285.9990234,1.359375,0,287.3583984,0.65625,0.8427734375,20,285.15625,5.9609375,4.96875,0.6796875,291.1171875,120000,35.082128,3.420545071,0.044925,5.502366,0.083813,5.631104
15,ss[policy=difficulty],ss,120000,601,1,1,1,0.2,0.0002554426456,1,507,507,,,,,0,0,0,0,0,,,,1.666666667e-05,0,,507,0,0,0,507,507,507,507,0,0,1,1,0,20,1,20,1,0.12505,0,0,0,0,3.333333333e-06,0,1.666666667e-05,,,,21.50664062,32.25429688,53.7609375,239.2177734,1.453125,0,240.6708984,0.75,0.9365234375,20,238.28125,5.9609375,4.96875,0.62890625,244.2421875,120000,36.94587,3.247994972,0.014283,3.067963,0.008561,3.090807
16,ss[policy=difficulty],ss,120000,601,1,1,1,0.25,0.0003452006215,1,507,507,,,,,0,0,0,0,0,,,,8.333333333e-06,0,,507,0,0,0,507,507,507,507,0,0,1,1,0,20,1,20,1,0.1250583333,0,0,0,0,3.333333333e-06,0,1.666666667e-05,,,,21.50703125,32.24804688,53.75507812,239.1240234,1.359375,0,240.4833984,0.65625,0.8427734375,20,238.28125,5.9609375,4.96875,0.630859375,244.2421875,120000,30.258641,3.965809304,0.015663,2.825798,0.008196,2.849657
17,ss[policy=difficulty],ss,120000,601,1,1,1,0.05,7.518796992e-05,1,507,507,,,,,0,0,0,0,0,,,,8.333333333e-06,0,,507,0,0,0,507,507,507,507,0,0,1,1,0,20,1,20,1,0.125075,0,0,0,0,2.083333333e-06,0,1.666666667e-05,,,,21.50585938,32.25185547,53.75771484,239.2802734,1.515625,0,240.7958984,0.8125,0.9990234375,20,238.28125,5.9609375,4.96875,0.60546875,244.2421875,120000,23.773383,5.047661917,0.006691,2.301141,0.00834,2.316172
18,ss[policy=difficulty],ss,120000,601,1,1,1,0.05,7.132667618e-05,1,507,407,,,,,0,0,0,0,0,,,,8.333333333e-06,0,,407,1,0,0,407,407,407,407,0,0,1.245700246,1.245700246,-0.2196978181,20,1,20,1,0.12495,0,0,0,0,1.25e-06,0,8.333333333e-06,,,,21.50546875,32.26025391,53.76572266,239.2802734,1.515625,0,240.7958984,0.8125,0.9990234375,20,238.28125,5.9609375,4.96875,0.6044921875,244.2421875,120000,23.117782,5.190809395,0.011543,2.309193,0.008686,2.329422
19,ss[policy=difficulty],ss,120000,601,1,1,1,0.5,0.0006942570006,1,407,407,,,,,0,0,0,0,0,,,,2.5e-05,0,,407,0,0,0,407,407,407,407,0,0,1,1,0,20,1,20,1,0.1251083333,0,0,0,0,1.041666667e-05,0,2.5e-05,,,,18.9671875,30.61533203,49.58251953,192.2802734,1.390625,0,193.6708984,0.6875,0.8740234375,20,191.40625,5.9609375,4.96875,0.62890625,197.3671875,120000,30.966065,3.875209847,0.009346,3.030424,0.014222,3.053992
20,ss[policy=difficulty],ss,120000,601,1,1,1,0,0,1,407,407,,,,,0,0,0,0,0,,,,0,0,,407,0,0,0,407,407,407,407,0,0,1,1,0,40,1,40,1,0.2109416667,0,0,0,0,2.083333333e-07,0,8.333333333e-06,,,,18.98242188,18.19482422,37.17724609,192.9443359,1.859375,0,194.8037109,1.15625,1.538085938,40,191.40625,10.6484375,9.65625,1.125,202.0546875,120000,29.411032,4.080101643,0.044804,3.378749,0.046902,3.470455
21,ss[policy=difficulty],ss,120000,601,1,1,1,0.05,7.87250384e-05,1,407,407,,,,,0,0,0,0,0,,,,8.333333333e-06,0,,407,0,0,0,407,407,407,407,0,0,1,1,0,40,1,40,1,0.2109666667,0,0,0,0,6.25e-07,0,8.333333333e-06,,,,18.97851562,18.19990234,37.17841797,192.9130859,1.828125,0,194.7412109,1.125,1.506835938,40,191.40625,10.6484375,9.65625,1.173828125,202.0546875,120000,26.875984,4.464952799,0.009403,1.995915,0.008036,2.013354
22,ss[policy=difficulty],ss,120000,601,1,1,1,0,0,1,407,307,,,,,0,0,0,0,0,,,,0,0,,307,1,0,0,307,307,307,307,0,0,1.325732899,1.325732899,-0.2819654379,40,1,40,1,0.2109333333,0,0,0,0,0,0,0,,,,18.98164063,18.50341797,37.48505859,192.9130859,1.828125,0,194.7412109,1.125,1.506835938,40,191.40625,10.6484375,9.65625,1.149414062,202.0546875,120000,23.153445,5.182814048,0.014587,1.994887,0.013942,2.023416
23,ss[policy=difficulty],ss,120000,601,1,1,1,0.4,0.0006350424015,1,307,307,,,,,0,0,0,0,0,,,,1.666666667e-05,0,,307,0,0,0,307,307,307,307,0,0,1,1,0,40,1,40,1,0.2110333333,0,0,0,0,8.125e-06,0,2.5e-05,,,,12.44179687,16.57431641,29.01611328,146.0380859,1.828125,0,147.8662109,1.125,1.506835938,40,144.53125,10.6484375,9.65625,1.149414062,155.1796875,120000,16.484284,7.27966104,0.006411,2.526166,0.011903,2.54448
24,ss[policy=difficulty],ss,120000,601,1,1,1,0.45,0.0007071394446,1,307,307,,,,,0,0,0,0,0,,,,2.5e-05,0,,307,0,0,0,307,307,307,307,0,0,1,1,0,40,1,40,1,0.2110166667,0,0,0,0,8.958333333e-06,0,5e-05,,,,12.44257813,16.56904297,29.01162109,146.0380859,1.828125,0,147.8662109,1.125,1.506835938,40,144.53125,10.6484375,9.65625,1.1484375,155.1796875,120000,24.508763,4.89620794,0.00534,1.375174,0.008773,1.389287
25,ss[policy=difficulty],ss,120000,601,1,1,1,0.5,0.0007892285049,1,307,307,,,,,0,0,0,0,0,,,,2.5e-05,0,,307,0,0,0,307,307,307,307,0,0,1,1,0,40,1,40,1,0.2110083333,0,0,0,0,1.0625e-05,0,3.333333333e-05,,,,12.43007812,16.57001953,29.00009766,146.0380859,1.828125,0,147.8662109,1.125,1.506835938,40,144.53125,10.6484375,9.65625,1.173828125,155.1796875,120000,16.174191,7.419227336,0.008384,1.767522,0.008464,1.78437
26,ss[policy=difficulty],ss,120000,601,1,1,1,0.525,0.0008333437877,1,307,254,,,,,0,0,0,0,0,,,,2.5e-05,0,,254,1,0,0,254,254,254,254,0,0,1.208661417,1.208661417,-0.1895134806,40,1,40,1,0.2110416667,0,0,0,0,1e-05,0,3.333333333e-05,,,,12.43945312,16.56914062,29.00859375,146.0693359,1.859375,0,147.9287109,1.15625,1.538085938,40,144.53125,10.6484375,9.65625,1.1484375,155.1796875,120000,13.487326,8.897241751,0.005255,1.253233,0.011312,1.2698
27,ss[policy=difficulty],ss,120000,601,0.9523809524,1,0.9756097561,1.85,0.002936094441,1,254,254,,,,,0,0,0,0,0,,,,0.0001166666667,0,,254,0,0,0,254,254,254,254,0,0,1,1,0,42,1,39,1,0.2063583333,3,0.0151,0,0,5.714285714e-05,8.333333333e-05,0.0001333333333,,,,11.09453125,15.70527344,26.79980469,121.3398438,1.953125,0,123.2929688,1.25,1.65234375,42,119.6875,10.6484375,9.65625,1.24609375,130.3359375,120000,27.036071,4.438514753,0.016816,2.000886,0.016103,2.033805
28,ss[policy=difficulty],ss,120000,601,0.9523809524,1,0.9756097561,1.85,0.002927596411,1,254,254,,,,,0,0,0,0,0,,,,0.0001,0,,254,0,0,0,254,254,254,254,0,0,1,1,0,42,1,39,1,0.2064166667,3,0.01511666667,0,0,4.722222222e-05,6.388888889e-05,0.0001333333333,,,,11.09296875,15.70888672,26.80185547,121.2138672,1.828125,0,123.0419922,1.125,1.526367188,42,119.6875,10.6484375,9.65625,1.24609375,130.3359375,120000,22.757413,5.273007086,0.00772,1.650227,0.055796,1.713743
29,ss[policy=difficulty],ss,120000,601,0.9756097561,1,0.987654321,1.925,0.00305134295,1,254,254,,,,,0,0,0,0,0,,,,8.333333333e-05,0,,254,0,0,0,254,254,254,254,0,0,1,1,0,41,1,39,1,0.2064,2,0.010125,0,0,4.715447154e-05,7.916666667e-05,0.0001,,,,11.0828125,15.70957031,26.79238281,121.2509766,1.875,0,123.1259766,1.171875,1.563476562,41,119.6875,10.6484375,9.65625,1.196289062,130.3359375,120000,26.897981,4.461301389,0.015796,1.916044,0.023955,1.955795
30,ss[policy=difficulty],ss,120000,601,0.9523809524,1,0.9756097561,1.7,0.002713816261,1,254,227,,,,,0,0,0,0,0,,,,0.0001,0,,227,1,0,0,227,227,227,227,0,0,1.118942731,1.118942731,-0.1123842495,42,1,40,1,0.211425,2,0.01005,0,0,4.801587302e-05,7.5e-05,0.0001416666667,,,,11.09375,15.71191406,26.80566406,121.2138672,1.828125,0,123.0419922,1.125,1.526367188,42,119.6875,10.6484375,9.65625,1.244140625,130.3359375,120000,22.436989,5.348311219,0.023566,1.245347,0.010544,1.279457
31,ss[policy=difficulty],ss,120000,601,0.8695652174,1,0.9302325581,4.75,0.007525061191,1,227,227,,,,,0,0,0,0,0,,,,0.000325,0,,227,0,0,0,227,227,227,227,0,0,1,1,0,46,1,34,1,0.1818,12,0.06098333333,0,0,0.0001601449275,0.0002270833333,0.00045,,,,10.34023437,15.26816406,25.60839844,108.7236328,1.953125,0,110.6767578,1.25,1.692382812,46,107.03125,10.6484375,9.65625,1.342773438,117.6796875,120000,19.497761,6.154552823,0.011026,2.033672,0.015605,2.060303
32,ss[policy=difficulty],ss,120000,601,0.9090909091,1,0.9523809524,4.75,0.007546720945,1,227,227,,,,,0,0,0,0,0,,,,0.0002666666667,0,,227,0,0,0,227,227,227,227,0,0,1,1,0,44,1,33,1,0.1765333333,11,0.05605,0,0,0.0001560606061,0.0002265151515,0.0003,,,,10.36914062,15.725,26.09414063,108.7041016,1.953125,0,110.6572266,1.25,1.672851562,44,107.03125,10.6484375,9.65625,1.29296875,117.6796875,120000,19.604874,6.120926867,0.004097,1.188316,0.009118,1.201531
33,ss[policy=difficulty],ss,120000,601,0.8888888889,1,0.9411764706,4.925,0.007805295635,1,227,227,,,,,0,0,0,0,0,,,,0.0002916666667,0,,227,0,0,0,227,227,227,227,0,0,1,1,0,45,1,33,1,0.1765166667,12,0.0612,0,0,0.0001633333333,0.0002326388889,0.0003416666667,,,,10.34101563,15.27021484,25.61123047,108.6044922,1.84375,0,110.4482422,1.140625,1.573242188,45,107.03125,10.6484375,9.65625,1.391601562,117.6796875,120000,14.236208,8.429210925,0.004114,0.995574,0.008182,1.00787
34,ss[policy=difficulty],ss,120000,601,0.8888888889,1,0.9411764706,4.675,0.00738620853,1,227,214,,,,,0,0,0,0,0,,,,0.0003083333333,0,,214,1,0,0,214,214,214,214,0,0,1.060747664,1.060747664,-0.05897400246,45,1,30,1,0.161,15,0.07665,0,0,0.0001772222222,0.0002322222222,0.0004833333333,,,,10.37851563,15.2703125,25.64882813,108.7285156,1.96875,0,110.6972656,1.265625,1.697265625,45,107.03125,10.6484375,9.65625,1.2421875,117.6796875,120000,13.61363,8.814695272,0.028951,1.999754,0.025322,2.054027
35,ss[policy=difficulty],ss,120000,601,0.7272727273,1,0.8421052632,8.2,0.01304007366,1,214,214,,,,,0,0,0,0,0,,,,0.0007416666667,0,,214,0,0,0,214,214,214,214,0,0,1,1,0,55,1,20,1,0.1087083333,35,0.1807083333,0,0,0.000385,0.0004661904762,0.00085,,,,9.894921875,15.05859375,24.95351563,102.8623047,2.09375,0,104.9560547,1.390625,1.924804688,55,100.9375,10.6484375,9.65625,1.775390625,111.5859375,120000,16.853925,7.120003204,0.010376,1.261301,0.012835,1.284512
36,ss[policy=difficulty],ss,120000,601,0.8163265306,1,0.8988764045,7.4,0.01173367034,1,214,214,,,,,0,0,0,0,0,,,,0.0006166666667,0,,214,0,0,0,214,214,214,214,0,0,1,1,0,49,1,23,1,0.124575,26,0.1344,0,0,0.0003346938776,0.0004326923077,0.00075,,,,9.885546875,8.996777344,18.88232422,102.6777344,1.96875,0,104.6464844,1.265625,1.740234375,49,100.9375,10.6484375,9.65625,1.412109375,111.5859375,120000,58.241208,2.060396824,0.004846,0.881618,0.023915,0.910379
37,ss[policy=difficulty],ss,120000,601,0.7407407407,1,0.8510638298,7.225,0.01145808512,1,214,214,,,,,0,0,0,0,0,,,,0.0006166666667,0,,214,0,0,0,214,214,214,214,0,0,1,1,0,54,1,18,1,0.098125,36,0.1861083333,0,0,0.0003569444444,0.0004171296296,0.0006833333333,,,,9.876171875,9.1375,19.01367188,102.7431641,1.984375,0,104.7275391,1.28125,1.805664062,54,100.9375,10.6484375,9.65625,1.602539062,111.5859375,120000,59.460891,2.01813323,0.01212,0.901418,0.009234,0.922772
38,ss[policy=difficulty],ss,120000,601,0.7843137255,1,0.8791208791,7.8,0.01238736068,1,214,207,,,,,0,0,0,0,0,,,,0.0006666666667,0,,207,1,0,0,207,207,207,207,0,0,1.033816425,1.033816425,-0.03325722176,51,1,22,1,0.119275,29,0.1499583333,0,0,0.0003560457516,0.0004278735632,0.0007416666667,,,,9.875390625,8.995898437,18.87128906,102.8212891,2.09375,0,104.9150391,1.390625,1.883789062,51,100.9375,10.6484375,9.65625,1.431640625,111.5859375,120000,57.928223,2.071529106,0.009539,1.850027,0.018656,1.878222
39,ss[policy=difficulty],ss,120000,601,0.6060606061,1,0.7547169811,10.65,0.01688729543,1,207,343,,,,,0,0,0,0,0,,,,0.001241666667,1,343,343,0,1,343,343,343,343,343,1,1,0.6034985423,0.6034985423,0.5050116539,66,1,10,1,0.054725,56,0.2911583333,0,0,0.0006862373737,0.0007488095238,0.001333333333,,,,9.69453125,8.885644531,18.58017578,99.77246094,2.171875,0,101.9443359,1.46875,2.116210938,66,97.65625,20.0234375,19.03125,1.963867188,117.6796875,120000,34.537581,3.474476108,0.004866,0.849372,0.01074,0.864978
40,ss[policy=difficulty],ss,120000,601,1,1,1,0.2,0.0003175156007,1,343,343,,,,,0,0,0,0,0,,,,1.666666667e-05,0,,343,0,0,0,343,343,343,343,0,0,1,1,0,40,1,40,1,0.2112333333,0,0,0,0,4.791666667e-06,0,2.5e-05,,,,13.35742188,17.15888672,30.51630859,162.8505859,1.765625,0,164.6162109,1.0625,1.444335938,40,161.40625,10.6484375,9.65625,1.171875,172.0546875,120000,24.417763,4.914455104,0.01187,3.077703,0.014253,3.103826
41,ss[policy=difficulty],ss,120000,601,1,1,1,0.225,0.0003534492116,1,343,343,,,,,0,0,0,0,0,,,,8.333333333e-06,0,,343,0,0,0,343,343,343,343,0,0,1,1,0,40,1,40,1,0.2111916667,0,0,0,0,2.291666667e-06,0,8.333333333e-06,,,,13.35585937,17.15830078,30.51416016,162.8818359,1.796875,0,164.6787109,1.09375,1.475585938,40,161.40625,10.6484375,9.65625,1.149414062,172.0546875,120000,25.180412,4.765609077,0.013434,3.134722,0.011382,3.159538
42,ss[policy=difficulty],ss,120000,601,1,1,1,0.2,0.0003133748835,1,343,343,,,,,0,0,0,0,0,,,,8.333333333e-06,0,,343,0,0,0,343,343,343,343,0,0,1,1,0,40,1,40,1,0.2111416667,0,0,0,0,2.916666667e-06,0,1.666666667e-05,,,,13.35585937,17.15957031,30.51542969,162.8505859,1.765625,0,164.6162109,1.0625,1.444335938,40,161.40625,10.6484375,9.65625,1.172851562,172.0546875,120000,26.364495,4.551575898,0.005448,1.865235,0.021008,1.891691
43,ss[policy=difficulty],ss,120000,601,1,1,1,0.15,0.0002363321002,1,343,272,,,,,0,0,0,0,0,,,,8.333333333e-06,0,,272,1,0,0,272,272,272,272,0,0,1.261029412,1.261029412,-0.2319283809,40,1,40,1,0.2111583333,0,0,0,0,2.708333333e-06,0,8.333333333e-06,,,,13.35742188,17.15898437,30.51640625,162.9755859,1.890625,0,164.8662109,1.1875,1.569335938,40,161.40625,10.6484375,9.65625,1.172851562,172.0546875,120000,14.925233,8.040075488,0.01362,1.853677,0.072075,1.939372
44,ss[policy=difficulty],ss,120000,601,1,1,1,1.225,0.001945747519,1,272,272,,,,,0,0,0,0,0,,,,7.5e-05,0,,272,0,0,0,272,272,272,272,0,0,1,1,0,40,1,39,1,0.2065666667,1,0.005033333333,0,0,3.270833333e-05,3.333333333e-05,8.333333333e-05,,,,11.55078125,16.19326172,27.74404297,129.6318359,1.828125,0,131.4599609,1.125,1.506835938,40,128.125,10.6484375,9.65625,1.1484375,138.7734375,120000,27.730257,4.327403096,0.016322,2.305766,0.014611,2.336699
45,ss[policy=difficulty],ss,120000,601,1,1,1,2.305555556,0.003534646357,1,272,272,,,,,0,0,0,0,0,,,,0.0001083333333,0,,272,0,0,0,272,272,272,272,0,0,1,1,0,36,1,36,1,0.1958666667,0,0,0,0,5.347222222e-05,0,0.0001166666667,,,,11.54140625,16.07587891,27.61728516,129.5302734,1.765625,0,131.2958984,1.0625,1.405273438,36,128.125,10.6484375,9.65625,1.030273438,138.7734375,120000,32.199033,3.726819995,0.00988,1.214307,0.008398,1.232585
46,ss[policy=difficulty],ss,120000,601,1,1,1,2.166666667,0.00335891499,1,272,272,,,,,0,0,0,0,0,,,,0.0001,0,,272,0,0,0,272,272,272,272,0,0,1,1,0,36,1,36,1,0.19585,0,0,0,0,4.930555556e-05,0,0.0001166666667,,,,11.5421875,16.07431641,27.61650391,129.4990234,1.734375,0,131.2333984,1.03125,1.374023438,36,128.125,10.6484375,9.65625,1.080078125,138.7734375,120000,20.464781,5.863732429,0.014296,1.221718,0.007621,1.243635
47,ss[policy=difficulty],ss,120000,601,1,1,1,2.055555556,0.003195842099,1,272,236,,,,,0,0,0,0,0,,,,0.0001083333333,0,,236,1,0,0,236,236,236,236,0,0,1.152542373,1.152542373,-0.1419702613,36,1,36,1,0.19575,0,0,0,0,4.861111111e-05,0,0.0001416666667,,,,11.54140625,16.07265625,27.6140625,129.5615234,1.796875,0,131.3583984,1.09375,1.436523438,36,128.125,10.6484375,9.65625,1.055664062,138.7734375,120000,21.400786,5.607270686,0.004278,1.388894,0.008504,1.401676
48,ss[policy=difficulty],ss,120000,601,0.972972973,1,0.9863013699,4.944444444,0.007643434886,1,236,236,,,,,0,0,0,0,0,,,,0.000275,0,,236,0,0,0,236,236,236,236,0,0,1,1,0,37,1,33,1,0.1811,4,0.02056666667,0,0,0.0001707207207,0.0002604166667,0.0003333333333,,,,10.61445313,15.48183594,26.09628906,112.6503906,1.75,0,114.4003906,1.046875,1.400390625,37,111.25,10.6484375,9.65625,1.102539062,121.8984375,120000,32.118384,3.736178009,0.005501,1.152973,0.014555,1.173029
49,ss[policy=difficulty],ss,120000,601,0.972972973,1,0.9863013699,4.944444444,0.007628227126,1,236,236,,,,,0,0,0,0,0,,,,0.00025,0,,236,0,0,0,236,236,236,236,0,0,1,1,0,37,1,35,1,0.191475,2,0.01018333333,0,0,0.0001581081081,0.00025,0.0003083333333,,,,10.62421875,15.64814453,26.27236328,112.6191406,1.71875,0,114.3378906,1.015625,1.369140625,37,111.25,10.6484375,9.65625,1.10546875,121.8984375,120000,25.542069,4.698131541,0.006623,2.079176,0.015323,2.101122
50,ss[policy=difficulty],ss,120000,601,0.8823529412,1,0.9375,5.766666667,0.008683634144,1,236,236,,,,,0,0,0,0,0,,,,0.0004166666667,0,,236,0,0,0,236,236,236,236,0,0,1,1,0,34,1,28,1,0.1590583333,6,0.0307,0,0,0.0002279411765,0.0003888888889,0.0005166666667,,,,10.61953125,15.52324219,26.14277344,112.6064453,1.734375,0,114.3408203,1.03125,1.356445312,34,111.25,10.6484375,9.65625,0.9833984375,121.8984375,120000,27.93102,4.296298524,0.004603,1.093367,0.008081,1.106051
51,ss[policy=difficulty],ss,120000,601,0.8571428571,1,0.9230769231,6.066666667,0.009123995015,1,236,218,,,,,0,0,0,0,0,,,,0.0004083333333,0,,218,1,0,0,218,218,218,218,0,0,1.082568807,1.082568807,-0.07933674224,35,1,29,1,0.1644833333,6,0.03045,0,0,0.000224047619,0.0003402777778,0.0004333333333,,,,10.61914062,15.52216797,26.14130859,112.6005859,1.71875,0,114.3193359,1.015625,1.350585938,35,111.25,10.6484375,9.65625,1.033203125,121.8984375,120000,29.569673,4.058211939,0.014208,1.968249,0.016708,1.999165
52,ss[policy=difficulty],ss,120000,601,0.7142857143,1,0.8333333333,10.43333333,0.01562458521,1,218,284,,,,,0,0,0,0,0,,,,0.000975,1,284,284,0,1,284,284,284,284,284,1,1,0.7676056338,0.7676056338,0.2644791754,42,1,25,1,0.1439333333,17,0.087475,0,0,0.0005436507937,0.0007901960784,0.001283333333,,,,9.999414062,15.23730469,25.23671875,104.4052734,1.890625,0,106.2958984,1.1875,1.592773438,42,102.8125,10.6484375,9.65625,1.1953125,113.4609375,120000,25.19979,4.761944445,0.018251,1.972502,0.017006,2.007759
53,ss[policy=difficulty],ss,120000,601,1,1,1,2.466666667,0.003667668582,1,284,284,,,,,0,0,0,0,0,,,,0.000125,0,,284,0,0,0,284,284,284,284,0,0,1,1,0,30,1,30,1,0.168875,0,0,0,0,6.194444444e-05,0,0.000125,,,,11.84335938,16.31074219,28.15410156,134.9404297,1.609375,0,136.5498047,0.90625,1.190429688,30,133.75,5.9609375,4.96875,0.9130859375,139.7109375,120000,22.712903,5.283340487,0.012318,1.253084,0.008385,1.273787
54,ss[policy=difficulty],ss,120000,601,1,1,1,2.566666667,0.00383948135,1,284,284,,,,,0,0,0,0,0,,,,0.0001333333333,0,,284,0,0,0,284,284,284,284,0,0,1,1,0,30,1,30,1,0.1689916667,0,0,0,0,6.777777778e-05,0,0.0001583333333,,,,11.84335938,16.309375,28.15273438,135.0341797,1.703125,0,136.7373047,1,1.284179688,30,133.75,5.9609375,4.96875,0.9150390625,139.7109375,120000,19.784422,6.065378104,0.005839,1.252447,0.00781,1.266096
55,ss[policy=difficulty],ss,120000,601,0.96,1,0.9795918367,3.083333333,0.004396828084,1,284,284,,,,,0,0,0,0,0,,,,0.000175,0,,284,0,0,0,284,284,284,284,0,0,1,1,0,25,1,24,1,0.1421833333,1,0.005008333333,0,0,9.233333333e-05,0.0001916666667,0.0001916666667,,,,11.840625,16.40869141,28.24931641,134.8447266,1.5625,0,136.4072266,0.859375,1.094726562,25,133.75,5.9609375,4.96875,0.7470703125,139.7109375,120000,30.290209,3.961676197,0.004926,1.246614,0.007119,1.258659
56,ss[policy=difficulty],ss,120000,601,1,1,1,3.125,0.004447028187,1,284,242,,,,,0,0,0,0,0,,,,0.0001916666667,0,,242,1,0,0,242,242,242,242,0,0,1.173553719,1.173553719,-0.160036512,24,1,24,1,0.142175,0,0,0,0,7.916666667e-05,0,0.0002416666667,,,,11.8421875,16.40732422,28.24951172,134.7255859,1.453125,0,136.1787109,0.75,0.9755859375,24,133.75,5.9609375,4.96875,0.748046875,139.7109375,120000,25.603728,4.686817482,0.005227,1.224779,0.009301,1.239307
57,ss[policy=difficulty],ss,120000,601,0.8888888889,1,0.9411764706,5.833333333,0.008365552664,1,242,242,,,,,0,0,0,0,0,,,,0.000525,0,,242,0,0,0,242,242,242,242,0,0,1,1,0,27,1,24,1,0.1426666667,3,0.015125,0,0,0.0002160493827,0.0004861111111,0.0005666666667,,,,10.7703125,15.72041016,26.49072266,115.1767578,1.5625,0,116.7392578,0.859375,1.114257812,27,114.0625,5.9609375,4.96875,0.818359375,120.0234375,120000,24.491207,4.899717682,0.006162,1.366704,0.010803,1.383669
58,ss[policy=difficulty],ss,120000,601,0.96,1,0.9795918367,7.041666667,0.01004818896,1,242,242,,,,,0,0,0,0,0,,,,0.0003916666667,0,,242,0,0,0,242,242,242,242,0,0,1,1,0,25,1,24,1,0.1427666667,1,0.005025,0,0,0.0002416666667,0.0003083333333,0.000475,,,,10.77070313,15.72353516,26.49423828,115.0634766,1.46875,0,116.5322266,0.765625,1.000976562,25,114.0625,5.9609375,4.96875,0.771484375,120.0234375,120000,26.136131,4.591345215,0.004785,1.038833,0.013332,1.05695
59,ss[policy=difficulty],ss,120000,601,0.9230769231,1,0.96,5.625,0.007994137044,1,242,242,,,,,0,0,0,0,0,,,,0.0005416666667,0,,242,0,0,0,242,242,242,242,0,0,1,1,0,26,1,24,1,0.1425166667,2,0.01013333333,0,0,0.0002240384615,0.0005708333333,0.0006,,,,10.77050781,15.88759766,26.65810547,115.1201172,1.515625,0,116.6357422,0.8125,1.057617188,26,114.0625,5.9609375,4.96875,0.845703125,120.0234375,120000,27.63777,4.341884313,0.014201,1.048298,0.006804,1.069303
60,ss[policy=difficulty],ss,120000,601,1,1,1,5.3125,0.00659551626,1,242,221,,,,,0,0,0,0,0,,,,0.0002583333333,0,,221,1,0,0,221,221,221,221,0,0,1.095022624,1.095022624,-0.09077502464,16,1,16,1,0.1107416667,0,0,0,0,0.0001609375,0,0.0002583333333,,,,10.7765625,15.88085938,26.65742188,114.7724609,1.265625,0,116.0380859,0.5625,0.7099609375,16,114.0625,3.6171875,2.625,0.5341796875,117.6796875,120000,30.001767,3.999764414,0.02052,8.174889,0.012743,8.208152
61,ss[policy=difficulty],ss,120000,601,0.9411764706,1,0.9696969697,8,0.0100072345,1,221,349,,,,,0,0,0,0,0,,,,0.001183333333,1,349,349,0,1,349,349,349,349,349,1,1,0.6332378223,0.6332378223,0.4569092207,17,1,16,1,0.1109833333,1,0.005066666667,0,0,0.0003367647059,0.001183333333,0.001183333333,,,,10.24414062,15.54111328,25.78525391,105.0166016,1.34375,0,106.3603516,0.640625,0.7978515625,17,104.21875,5.9609375,4.96875,0.5595703125,110.1796875,120000,39.798465,3.015191666,0.011913,1.390241,0.014575,1.416729
62,ss[policy=difficulty],ss,120000,601,1,1,1,1.1875,0.001479201187,1,349,349,,,,,0,0,0,0,0,,,,7.5e-05,0,,349,0,0,0,349,349,349,349,0,0,1,1,0,16,1,16,1,0.11015,0,0,0,0,2.8125e-05,0,7.5e-05,,,,13.49648437,17.64287109,31.13935547,164.9912109,1.328125,0,166.3193359,0.625,0.7724609375,16,164.21875,3.6171875,2.625,0.5361328125,167.8359375,120000,50.272267,2.387001963,0.005582,1.652605,0.00783,1.666017
63,ss[policy=difficulty],ss,120000,601,1,1,1,1,0.001237968258,1,349,349,,,,,0,0,0,0,0,,,,6.666666667e-05,0,,349,0,0,0,349,349,349,349,0,0,1,1,0,16,1,16,1,0.1099583333,0,0,0,0,2.604166667e-05,0,6.666666667e-05,,,,13.49804688,17.64384766,31.14189453,164.8974609,1.234375,0,166.1318359,0.53125,0.6787109375,16,164.21875,3.6171875,2.625,0.5595703125,167.8359375,120000,39.736264,3.019911484,0.017784,1.684819,0.008523,1.711126
64,ss[policy=difficulty],ss,120000,601,1,1,1,1.5625,0.001905733302,1,349,349,,,,,0,0,0,0,0,,,,6.666666667e-05,0,,349,0,0,0,349,349,349,349,0,0,1,1,0,16,1,16,1,0.1100833333,0,0,0,0,3.072916667e-05,0,6.666666667e-05,,,,13.49804688,17.64023437,31.13828125,165.0224609,1.359375,0,166.3818359,0.65625,0.8037109375,16,164.21875,3.6171875,2.625,0.53515625,167.8359375,120000,42.581781,2.818106645,0.013866,3.133223,0.010713,3.157802
65,ss[policy=difficulty],ss,120000,601,1,1,1,0.625,0.0006073133829,1,349,275,,,,,0,0,0,0,0,,,,4.166666667e-05,0,,275,1,0,0,275,275,275,275,0,0,1.269090909,1.269090909,-0.2383008245,8,1,8,1,0.07016666667,0,0,0,0,1.354166667e-05,0,4.166666667e-05,,,,13.49570313,17.79814453,31.29384766,164.5703125,0.984375,0,165.5546875,0.28125,0.3515625,8,164.21875,2.4453125,1.453125,0.3466796875,166.6640625,120000,40.121192,2.990938056,0.00575,1.724518,0.016114,1.746382
66,ss[policy=difficulty],ss,120000,601,1,1,1,2.5,0.002529028219,1,275,275,,,,,0,0,0,0,0,,,,8.333333333e-05,0,,275,0,0,0,275,275,275,275,0,0,1,1,0,8,1,8,1,0.0703,0,0,0,0,4.583333333e-05,0,8.333333333e-05,,,,11.61523438,16.58027344,28.19550781,129.8515625,0.953125,0,130.8046875,0.25,0.3203125,8,129.53125,2.4453125,1.453125,0.3466796875,131.9765625,120000,49.353025,2.431461901,0.03052,1.379073,0.009135,1.418728
67,ss[policy=difficulty],ss,120000,601,1,1,1,2.375,0.002394667167,1,275,275,,,,,0,0,0,0,0,,,,6.666666667e-05,0,,275,0,0,0,275,275,275,275,0,0,1,1,0,8,1,8,1,0.070325,0,0,0,0,4.166666667e-05,0,6.666666667e-05,,,,11.60585937,16.58261719,28.18847656,129.9140625,1.015625,0,130.9296875,0.3125,0.3828125,8,129.53125,2.4453125,1.453125,0.322265625,131.9765625,120000,43.743054,2.743292684,0.015306,1.693537,0.012348,1.721191
68,ss[policy=difficulty],ss,120000,601,1,1,1,2,0.001986412586,1,275,275,,,,,0,0,0,0,0,,,,8.333333333e-05,0,,275,0,0,0,275,275,275,275,0,0,1,1,0,8,1,8,1,0.07028333333,0,0,0,0,3.645833333e-05,0,8.333333333e-05,,,,11.61523438,16.58164062,28.196875,129.9765625,1.078125,0,131.0546875,0.375,0.4453125,8,129.53125,2.4453125,1.453125,0.2978515625,131.9765625,120000,34.315198,3.49699279,0.004272,1.188061,0.006678,1.199011
69,ss[policy=difficulty],ss,120000,601,1,1,1,2.75,0.002647714745,1,275,238,,,,,0,0,0,0,0,,,,0.0001,0,,238,1,0,0,238,238,238,238,0,0,1.155462185,1.155462185,-0.144500424,8,1,8,1,0.07030833333,0,0,0,0,6.354166667e-05,0,0.0001,,,,11.61523438,16.58574219,28.20097656,129.9140625,1.015625,0,130.9296875,0.3125,0.3828125,8,129.53125,2.4453125,1.453125,0.322265625,131.9765625,120000,36.592675,3.279344842,0.004803,2.206101,0.015225,2.226129
70,ss[policy=difficulty],ss,120000,601,1,1,1,2.25,0.002317159744,1,238,238,,,,,0,0,0,0,0,,,,0.0001666666667,0,,238,0,0,0,238,238,238,238,0,0,1,1,0,8,1,8,1,0.070275,0,0,0,0,7.604166667e-05,0,0.0001666666667,,,,10.65703125,15.98603516,26.64306641,112.5703125,1.015625,0,113.5859375,0.3125,0.3828125,8,112.1875,2.4453125,1.453125,0.322265625,114.6328125,120000,40.076385,2.994282044,0.007013,1.797336,0.015631,1.81998
71,ss[policy=difficulty],ss,120000,601,1,1,1,2.75,0.002670368652,1,238,238,,,,,0,0,0,0,0,,,,0.000125,0,,238,0,0,0,238,238,238,238,0,0,1,1,0,8,1,8,1,0.07031666667,0,0,0,0,8.229166667e-05,0,0.000125,,,,10.63789063,15.97675781,26.61464844,112.6328125,1.078125,0,113.7109375,0.375,0.4453125,8,112.1875,2.4453125,1.453125,0.2978515625,114.6328125,120000,35.245215,3.404717491,0.009516,2.249818,0.012088,2.271422
72,ss[policy=difficulty],ss,120000,601,1,1,1,2.5,0.002474763055,1,238,238,,,,,0,0,0,0,0,,,,0.0001666666667,0,,238,0,0,0,238,238,238,238,0,0,1,1,0,8,1,8,1,0.07033333333,0,0,0,0,8.4375e-05,0,0.0001666666667,,,,10.6375,15.98759766,26.62509766,112.5703125,1.015625,0,113.5859375,0.3125,0.3828125,8,112.1875,2.4453125,1.453125,0.322265625,114.6328125,120000,39.433757,3.043078041,0.004153,1.725147,0.018744,1.748044
73,ss[policy=difficulty],ss,120000,601,1,1,1,2.625,0.002517974406,1,238,219,,,,,0,0,0,0,0,,,,0.0001583333333,0,,219,1,0,0,219,219,219,219,0,0,1.086757991,1.086757991,-0.08319894385,8,1,8,1,0.070325,0,0,0,0,7.5e-05,0,0.0001583333333,,,,10.64726562,16.16748047,26.81474609,112.6015625,1.046875,0,113.6484375,0.34375,0.4140625,8,112.1875,2.4453125,1.453125,0.322265625,114.6328125,120000,33.260874,3.607842656,0.017599,2.279956,0.021757,2.319312
74,ss[policy=difficulty],ss,120000,601,1,1,1,3.375,0.003341038675,1,219,219,,,,,0,0,0,0,0,,,,0.0002583333333,0,,219,0,0,0,219,219,219,219,0,0,1,1,0,8,1,8,1,0.07035,0,0,0,0,0.0001,0,0.0002583333333,,,,10.08046875,15.66933594,25.74980469,103.6953125,1.046875,0,104.7421875,0.34375,0.4140625,8,103.28125,2.4453125,1.453125,0.322265625,105.7265625,120000,33.699936,3.560837623,0.004536,0.938978,0.007166,0.95068
75,ss[policy=difficulty],ss,120000,601,1,1,1,4.875,0.004800068345,1,219,219,,,,,0,0,0,0,0,,,,0.00025,0,,219,0,0,0,219,219,219,219,0,0,1,1,0,8,1,8,1,0.07045,0,0,0,0,0.0001197916667,0,0.00025,,,,10.07148438,15.66728516,25.73876953,103.6953125,1.046875,0,104.7421875,0.34375,0.4140625,8,103.28125,2.4453125,1.453125,0.322265625,105.7265625,120000,41.501609,2.89145416,0.005468,0.954258,0.007855,0.967581
76,ss[policy=difficulty],ss,120000,601,1,1,1,5.875,0.005623410564,1,219,219,,,,,0,0,0,0,0,,,,0.0002416666667,0,,219,0,0,0,219,219,219,219,0,0,1,1,0,8,1,8,1,0.07044166667,0,0,0,0,0.0001552083333,0,0.0002416666667,,,,10.06210938,15.67802734,25.74013672,103.6953125,1.046875,0,104.7421875,0.34375,0.4140625,8,103.28125,2.4453125,1.453125,0.322265625,105.7265625,120000,35.615159,3.369351798,0.009982,0.917702,0.017024,0.944708
77,ss[policy=difficulty],ss,120000,601,1,1,1,4.25,0.004212852509,1,219,210,,,,,0,0,0,0,0,,,,0.0001666666667,0,,210,1,0,0,210,210,210,210,0,0,1.042857143,1.042857143,-0.0419641991,8,1,8,1,0.07035833333,0,0,0,0,0.000103125,0,0.0001666666667,,,,10.07109375,15.68300781,25.75410156,103.6640625,1.015625,0,104.6796875,0.3125,0.3828125,8,103.28125,2.4453125,1.453125,0.322265625,105.7265625,120000,35.999319,3.33339639,0.003961,1.067801,0.008207,1.079969
78,ss[policy=difficulty],ss,120000,601,1,1,1,5.125,0.005025841749,1,210,850,,,,,0,0,0,0,0,,,,0.003033333333,1,850,850,0,1,850,850,850,850,850,1,1,0.2470588235,0.2470588235,1.398128819,9,1,8,1,0.07033333333,1,0.00485,0,0,0.0004842592593,0.003258333333,0.003258333333,,,,9.80546875,15.53105469,25.33652344,99.4765625,1.046875,0,100.5234375,0.34375,0.4140625,8,99.0625,3.6171875,2.625,0.322265625,102.6796875,120000,32.377685,3.706256331,0.004308,0.895252,0.007953,0.907513
79,ss[policy=difficulty],ss,120000,601,1,1,1,0,0,1,850,850,,,,,0,0,0,0,0,,,,0,0,,850,0,0,0,850,850,850,850,0,0,1,1,0,8,1,8,1,0.070025,0,0,0,0,0,0,0,,,,38.21640625,38.18291016,76.39931641,399.4765625,1.046875,0,400.5234375,0.34375,0.4140625,8,399.0625,2.4453125,1.453125,0.322265625,401.5078125,120000,96.793849,1.239748199,0.02502,8.491887,0.01357,8.530477
80,ss[policy=difficulty],ss,120000,601,1,1,1,0.125,0.0001207729469,1,850,850,,,,,0,0,0,0,0,,,,8.333333333e-06,0,,850,0,0,0,850,850,850,850,0,0,1,1,0,8,1,8,1,0.069975,0,0,0,0,1.041666667e-06,0,8.333333333e-06,,,,38.215625,38.18515625,76.40078125,399.5078125,1.078125,0,400.5859375,0.375,0.4453125,8,399.0625,2.4453125,1.453125,0.2978515625,401.5078125,120000,108.370655,1.107310831,0.025428,4.175704,0.008445,4.209577
81,ss[policy=difficulty],ss,120000,601,1,1,1,0,0,1,850,850,,,,,0,0,0,0,0,,,,0,0,,850,0,0,0,850,850,850,850,0,0,1,1,0,8,1,8,1,0.06998333333,0,0,0,0,0,0,0,,,,38.215625,38.1984375,76.4140625,399.4765625,1.046875,0,400.5234375,0.34375,0.4140625,8,399.0625,2.4453125,1.453125,0.322265625,401.5078125,120000,107.387236,1.11745124,0.0255,8.17876,0.021024,8.225284
82,ss[policy=difficulty],ss,120000,601,1,1,1,0,0,1,850,750,,,,,0,0,0,0,0,,,,0,0,,750,1,0,0,750,750,750,750,0,0,1.133333333,1.133333333,-0.125163143,8,1,8,1,0.069825,0,0,0,0,0,0,0,,,,38.21484375,38.87109375,77.0859375,399.4453125,1.015625,0,400.4609375,0.3125,0.3828125,8,399.0625,2.4453125,1.453125,0.322265625,401.5078125,120000,200.291141,0.5991278466,0.016439,7.675748,0.017204,7.709391
83,ss[policy=difficulty],ss,120000,601,1,1,1,0,0,1,750,750,,,,,0,0,0,0,0,,,,0,0,,750,0,0,0,750,750,750,750,0,0,1,1,0,8,1,8,1,0.06996666667,0,0,0,0,0,0,0,,,,27.67734375,36.54326172,64.22060547,352.5703125,1.015625,0,353.5859375,0.3125,0.3828125,8,352.1875,2.4453125,1.453125,0.322265625,354.6328125,120000,59.123793,2.029639742,0.02484,7.743357,0.008152,7.776349
84,ss[policy=difficulty],ss,120000,601,1,1,1,0.125,0.0001208897485,1,750,750,,,,,0,0,0,0,0,,,,8.333333333e-06,0,,750,0,0,0,750,750,750,750,0,0,1,1,0,8,1,8,1,0.06994166667,0,0,0,0,1.041666667e-06,0,8.333333333e-06,,,,27.6796875,36.53525391,64.21494141,352.6328125,1.078125,0,353.7109375,0.375,0.4453125,8,352.1875,2.4453125,1.453125,0.2978515625,354.6328125,120000,50.236989,2.388678191,0.009624,3.538776,0.010489,3.558889
85,ss[policy=difficulty],ss,120000,601,1,1,1,0,0,1,750,750,,,,,0,0,0,0,0,,,,0,0,,750,0,0,0,750,750,750,750,0,0,1,1,0,8,1,8,1,0.06996666667,0,0,0,0,0,0,0,,,,27.67734375,36.53515625,64.2125,352.5703125,1.015625,0,353.5859375,0.3125,0.3828125,8,352.1875,2.4453125,1.453125,0.322265625,354.6328125,120000,40.711544,2.947566911,0.023248,5.560988,0.02456,5.608796
86,ss[policy=difficulty],ss,120000,601,1,1,1,0,0,1,750,650,,,,,0,0,0,0,0,,,,0,0,,650,1,0,0,650,650,650,650,0,0,1.153846154,1.153846154,-0.1431008436,8,1,8,1,0.06985833333,0,0,0,0,0,0,0,,,,27.678125,36.54492188,64.22304687,352.6328125,1.078125,0,353.7109375,0.375,0.4453125,8,352.1875,2.4453125,1.453125,0.2978515625,354.6328125,120000,56.827075,2.111669481,0.017969,4.960993,0.027658,5.00662
87,ss[policy=difficulty],ss,120000,601,1,1,1,0,0,1,650,650,,,,,0,0,0,0,0,,,,0,0,,650,0,0,0,650,650,650,650,0,0,1,1,0,8,1,8,1,0.06995,0,0,0,0,0,0,0,,,,25.1390625,34.89169922,60.03076172,305.7265625,1.046875,0,306.7734375,0.34375,0.4140625,8,305.3125,2.4453125,1.453125,0.322265625,307.7578125,120000,33.564494,3.575206586,0.008523,2.983939,0.018824,3.011286
88,ss[policy=difficulty],ss,120000,601,1,1,1,0,0,1,650,650,,,,,0,0,0,0,0,,,,0,0,,650,0,0,0,650,650,650,650,0,0,1,1,0,8,1,8,1,0.06994166667,0,0,0,0,0,0,0,,,,25.140625,34.89853516,60.03916016,305.7578125,1.078125,0,306.8359375,0.375,0.4453125,8,305.3125,2.4453125,1.453125,0.2978515625,307.7578125,120000,33.601306,3.571289759,0.016643,6.665835,0.015809,6.698287
89,ss[policy=difficulty],ss,120000,601,1,1,1,0,0,1,650,650,,,,,0,0,0,0,0,,,,0,0,,650,0,0,0,650,650,650,650,0,0,1,1,0,8,1,8,1,0.06984166667,0,0,0,0,0,0,0,,,,25.1375,34.88925781,60.02675781,305.6953125,1.015625,0,306.7109375,0.3125,0.3828125,8,305.3125,2.4453125,1.453125,0.322265625,307.7578125,120000,43.039945,2.788107652,0.00848,3.606315,0.007379,3.622174
90,ss[policy=difficulty],ss,120000,601,1,1,1,0,0,1,650,550,,,,,0,0,0,0,0,,,,0,0,,550,1,0,0,550,550,550,550,0,0,1.181818182,1.181818182,-0.1670540847,40,1,40,1,0.2109416667,0,0,0,0,0,0,0,,,,25.1515625,34.27802734,59.42958984,306.8193359,1.828125,0,308.6474609,1.125,1.506835938,40,305.3125,10.6484375,9.65625,1.17578125,315.9609375,120000,12.02228,9.981467742,0.009561,4.226231,0.01379,4.249582
91,ss[policy=difficulty],ss,120000,601,1,1,1,0,0,1,550,550,,,,,0,0,0,0,0,,,,0,0,,550,0,0,0,550,550,550,550,0,0,1,1,0,40,1,40,1,0.21095,0,0,0,0,0,0,0,,,,22.6109375,32.65146484,55.26240234,260.0068359,1.890625,0,261.8974609,1.1875,1.569335938,40,258.4375,10.6484375,9.65625,1.125,269.0859375,120000,18.581295,6.458107468,0.013679,5.197233,0.015309,5.226221
92,ss[policy=difficulty],ss,120000,601,1,1,1,0,0,1,550,550,,,,,0,0,0,0,0,,,,0,0,,550,0,0,0,550,550,550,550,0,0,1,1,0,40,1,40,1,0.2109333333,0,0,0,0,0,0,0,,,,22.61328125,32.65078125,55.2640625,260.0068359,1.890625,0,261.8974609,1.1875,1.569335938,40,258.4375,10.6484375,9.65625,1.150390625,269.0859375,120000,15.145375,7.923210881,0.00707,4.268481,0.014587,4.290138
93,ss[policy=difficulty],ss,120000,601,1,1,1,0,0,1,550,550,,,,,0,0,0,0,0,,,,0,0,,550,0,0,0,550,550,550,550,0,0,1,1,0,40,1,40,1,0.2109,0,0,0,0,0,0,0,,,,22.6125,32.6484375,55.2609375,259.9443359,1.828125,0,261.7724609,1.125,1.506835938,40,258.4375,10.6484375,9.65625,1.19921875,269.0859375,120000,16.217902,7.399230801,0.017533,3.355338,0.012158,3.385029
94,ss[policy=difficulty],ss,120000,601,1,1,1,0,0,1,550,450,,,,,0,0,0,0,0,,,,0,0,,450,1,0,0,450,450,450,450,0,0,1.222222222,1.222222222,-0.2006706955,40,1,40,1,0.2108666667,0,0,0,0,0,0,0,,,,22.6125,32.65615234,55.26865234,259.8505859,1.734375,0,261.5849609,1.03125,1.413085938,40,258.4375,10.6484375,9.65625,1.174804688,269.0859375,120000,14.048735,8.541694323,0.01081,2.488573,0.018648,2.518031
95,ss[policy=difficulty],ss,120000,601,1,1,1,0.025,3.949447077e-05,1,450,450,,,,,0,0,0,0,0,,,,0,0,,450,0,0,0,450,450,450,450,0,0,1,1,0,40,1,40,1,0.21085,0,0,0,0,2.083333333e-07,0,8.333333333e-06,,,,20.07421875,31.02666016,51.10087891,213.1005859,1.859375,0,214.9599609,1.15625,1.538085938,40,211.5625,10.6484375,9.65625,1.173828125,222.2109375,120000,11.863891,10.11472543,0.006982,2.065747,0.015598,2.088327
96,ss[policy=difficulty],ss,120000,601,1,1,1,0,0,1,450,450,,,,,0,0,0,0,0,,,,0,0,,450,0,0,0,450,450,450,450,0,0,1,1,0,40,1,40,1,0.2108666667,0,0,0,0,0,0,0,,,,20.07421875,31.02841797,51.10263672,213.0068359,1.765625,0,214.7724609,1.0625,1.444335938,40,211.5625,10.6484375,9.65625,1.174804688,222.2109375,120000,14.932408,8.036212244,0.006873,2.154985,0.007858,2.169716
97,ss[policy=difficulty],ss,120000,601,1,1,1,0,0,1,450,450,,,,,0,0,0,0,0,,,,0,0,,450,0,0,0,450,450,450,450,0,0,1,1,0,40,1,40,1,0.210825,0,0,0,0,0,0,0,,,,20.071875,31.02177734,51.09365234,213.0380859,1.796875,0,214.8349609,1.09375,1.475585938,40,211.5625,10.6484375,9.65625,1.150390625,222.2109375,120000,17.685004,6.785409831,0.006638,2.177675,0.008458,2.192771
98,ss[policy=difficulty],ss,120000,601,1,1,1,0,0,1,450,350,,,,,0,0,0,0,0,,,,0,0,,350,1,0,0,350,350,350,350,0,0,1.285714286,1.285714286,-0.2513144283,40,1,40,1,0.2108916667,0,0,0,0,0,0,0,,,,20.07421875,31.02871094,51.10292969,213.1005859,1.859375,0,214.9599609,1.15625,1.538085938,40,211.5625,10.6484375,9.65625,1.149414062,222.2109375,120000,17.223219,6.967338684,0.015474,2.402698,0.013289,2.431461
99,ss[policy=difficulty],ss,120000,601,1,1,1,0.125,0.0001977212156,1,350,350,,,,,0,0,0,0,0,,,,8.333333333e-06,0,,350,0,0,0,350,350,350,350,0,0,1,1,0,40,1,40,1,0.2108916667,0,0,0,0,3.125e-06,0,1.666666667e-05,,,,13.53359375,29.39423828,42.92783203,166.2255859,1.859375,0,168.0849609,1.15625,1.538085938,40,164.6875,10.6484375,9.65625,1.150390625,175.3359375,120000,12.032586,9.97291854,0.008631,2.31046,0.015811,2.334902
100,ss[policy=difficulty],ss,120000,601,1,1,1,1.75,0.001804799645,1,350,350,,,,,0,0,0,0,0,,,,4.166666667e-05,0,,350,0,0,0,350,350,350,350,0,0,1,1,0,8,1,8,1,0.07024166667,0,0,0,0,2.5e-05,0,4.166666667e-05,,,,13.5203125,17.81943359,31.33974609,165.0703125,1.015625,0,166.0859375,0.3125,0.3828125,8,164.6875,2.4453125,1.453125,0.322265625,167.1328125,120000,39.906169,3.007053872,0.012952,3.266877,0.012405,3.292234
101,ss[policy=difficulty],ss,120000,601,1,1,1,0.75,0.0007075312632,1,350,350,,,,,0,0,0,0,0,,,,5.833333333e-05,0,,350,0,0,0,350,350,350,350,0,0,1,1,0,8,1,8,1,0.07018333333,0,0,0,0,2.291666667e-05,0,5.833333333e-05,,,,13.51953125,17.81845703,31.33798828,165.1328125,1.078125,0,166.2109375,0.375,0.4453125,8,164.6875,2.4453125,1.453125,0.2978515625,167.1328125,120000,44.590432,2.691160292,0.034499,2.880767,0.017259,2.932525
102,ss[policy=difficulty],ss,120000,601,1,1,1,0.375,0.0003922175885,1,350,275,,,,,0,0,0,0,0,,,,3.333333333e-05,0,,275,1,0,0,275,275,275,275,0,0,1.272727273,1.272727273,-0.2411620568,8,1,8,1,0.07019166667,0,0,0,0,1.666666667e-05,0,3.333333333e-05,,,,13.51953125,17.82148438,31.34101563,165.0390625,0.984375,0,166.0234375,0.28125,0.3515625,8,164.6875,2.4453125,1.453125,0.3466796875,167.1328125,120000,47.301581,2.53691309,0.026144,2.994632,0.011655,3.032431
103,ss[policy=difficulty],ss,120000,601,1,1,1,2,0.00201352816,1,275,275,,,,,0,0,0,0,0,,,,0.0001166666667,0,,275,0,0,0,275,275,275,275,0,0,1,1,0,8,1,8,1,0.07028333333,0,0,0,0,5.416666667e-05,0,0.0001166666667,,,,11.61523438,16.59384766,28.20908203,129.9140625,1.015625,0,130.9296875,0.3125,0.3828125,8,129.53125,2.4453125,1.453125,0.322265625,131.9765625,120000,50.681928,2.367707874,0.014772,1.232331,0.007367,1.25447
104,ss[policy=difficulty],ss,120000,601,1,1,1,1.625,0.001620936002,1,275,275,,,,,0,0,0,0,0,,,,0.0001166666667,0,,275,0,0,0,275,275,275,275,0,0,1,1,0,8,1,8,1,0.07023333333,0,0,0,0,5.208333333e-05,0,0.0001166666667,,,,11.61484375,16.57890625,28.19375,129.9140625,1.015625,0,130.9296875,0.3125,0.3828125,8,129.53125,2.4453125,1.453125,0.322265625,131.9765625,120000,38.633638,3.106101476,0.015997,1.386279,0.013206,1.415482
105,ss[policy=difficulty],ss,120000,601,1,1,1,3,0.002934184088,1,275,275,,,,,0,0,0,0,0,,,,0.0001083333333,0,,275,0,0,0,275,275,275,275,0,0,1,1,0,8,1,8,1,0.070325,0,0,0,0,5.9375e-05,0,0.0001083333333,,,,11.61523438,17.01455078,28.62978516,129.9140625,1.015625,0,130.9296875,0.3125,0.3828125,8,129.53125,2.4453125,1.453125,0.3466796875,131.9765625,120000,35.094013,3.419386663,0.011515,1.313597,0.006596,1.331708
106,ss[policy=difficulty],ss,120000,601,1,1,1,2.125,0.002065193871,1,275,238,,,,,0,0,0,0,0,,,,9.166666667e-05,0,,238,1,0,0,238,238,238,238,0,0,1.155462185,1.155462185,-0.144500424,8,1,8,1,0.07019166667,0,0,0,0,4.895833333e-05,0,9.166666667e-05,,,,11.61523438,16.58046875,28.19570313,129.8828125,0.984375,0,130.8671875,0.28125,0.3515625,8,129.53125,2.4453125,1.453125,0.3466796875,131.9765625,120000,31.960273,3.754661295,0.004633,1.194111,0.015078,1.213822
107,ss[policy=difficulty],ss,120000,601,1,1,1,2.5,0.002483800203,1,238,238,,,,,0,0,0,0,0,,,,0.0002916666667,0,,238,0,0,0,238,238,238,238,0,0,1,1,0,8,1,8,1,0.07024166667,0,0,0,0,9.583333333e-05,0,0.0002916666667,,,,10.675,15.99023438,26.66523438,112.6015625,1.046875,0,113.6484375,0.34375,0.4140625,8,112.1875,2.4453125,1.453125,0.322265625,114.6328125,120000,36.216432,3.313413094,0.01023,1.048261,0.006629,1.06512
108,ss[policy=difficulty],ss,120000,601,1,1,1,3.875,0.003861486301,1,238,238,,,,,0,0,0,0,0,,,,0.0002,0,,238,0,0,0,238,238,238,238,0,0,1,1,0,8,1,8,1,0.07025,0,0,0,0,7.916666667e-05,0,0.0002,,,,10.66640625,15.97421875,26.640625,112.6328125,1.078125,0,113.7109375,0.375,0.4453125,8,112.1875,2.4453125,1.453125,0.2978515625,114.6328125,120000,29.642127,4.048292486,0.023244,2.602623,0.020461,2.646328
109,ss[policy=difficulty],ss,120000,601,1,1,1,4.25,0.004147117748,1,238,238,,,,,0,0,0,0,0,,,,0.0001833333333,0,,238,0,0,0,238,238,238,238,0,0,1,1,0,8,1,8,1,0.07030833333,0,0,0,0,0.0001052083333,0,0.0001833333333,,,,10.62890625,15.97519531,26.60410156,112.5703125,1.015625,0,113.5859375,0.3125,0.3828125,8,112.1875,2.4453125,1.453125,0.322265625,114.6328125,120000,40.086673,2.99351358,0.011755,2.245768,0.013858,2.271381
110,ss[policy=difficulty],ss,120000,601,1,1,1,4.125,0.004093327614,1,238,219,,,,,0,0,0,0,0,,,,0.0002083333333,0,,219,1,0,0,219,219,219,219,0,0,1.086757991,1.086757991,-0.08319894385,8,1,8,1,0.07024166667,0,0,0,0,0.0001072916667,0,0.0002083333333,,,,10.64765625,15.97744141,26.62509766,112.5703125,1.015625,0,113.5859375,0.3125,0.3828125,8,112.1875,2.4453125,1.453125,0.322265625,114.6328125,120000,42.231261,2.841496966,0.004286,1.052017,0.006742,1.063045
111,ss[policy=difficulty],ss,120000,601,1,1,1,4.5,0.004465285659,1,219,219,,,,,0,0,0,0,0,,,,0.0002166666667,0,,219,0,0,0,219,219,219,219,0,0,1,1,0,8,1,8,1,0.07028333333,0,0,0,0,0.000134375,0,0.0002166666667,,,,10.09023437,15.67285156,25.76308594,103.6640625,1.015625,0,104.6796875,0.3125,0.3828125,8,103.28125,2.4453125,1.453125,0.3466796875,105.7265625,120000,35.872577,3.345173668,0.005107,1.032132,0.011292,1.048531
112,ss[policy=difficulty],ss,120000,601,1,1,1,3.875,0.003827131052,1,219,219,,,,,0,0,0,0,0,,,,0.0001916666667,0,,219,0,0,0,219,219,219,219,0,0,1,1,0,8,1,8,1,0.07008333333,0,0,0,0,0.0001104166667,0,0.0001916666667,,,,10.09023437,15.67324219,25.76347656,103.6328125,0.984375,0,104.6171875,0.28125,0.3515625,8,103.28125,2.4453125,1.453125,0.322265625,105.7265625,120000,33.518129,3.580152102,0.010164,1.033954,0.006828,1.050946
113,ss[policy=difficulty],ss,120000,601,1,1,1,5.5,0.005450861947,1,219,219,,,,,0,0,0,0,0,,,,0.0002166666667,0,,219,0,0,0,219,219,219,219,0,0,1,1,0,8,1,8,1,0.07033333333,0,0,0,0,0.0001322916667,0,0.0002166666667,,,,10.03398437,15.67167969,25.70566406,103.6953125,1.046875,0,104.7421875,0.34375,0.4140625,8,103.28125,2.4453125,1.453125,0.322265625,105.7265625,120000,34.687091,3.45950025,0.011373,1.291762,0.014447,1.317582
114,ss[policy=difficulty],ss,120000,601,1,1,1,3.125,0.003130272323,1,219,210,,,,,0,0,0,0,0,,,,0.0001666666667,0,,210,1,0,0,210,210,210,210,0,0,1.042857143,1.042857143,-0.0419641991,8,1,8,1,0.07014166667,0,0,0,0,0.0001072916667,0,0.0001666666667,,,,10.07148438,15.66855469,25.74003906,103.6640625,1.015625,0,104.6796875,0.3125,0.3828125,8,103.28125,2.4453125,1.453125,0.322265625,105.7265625,120000,35.657849,3.36531797,0.005476,1.037176,0.008252,1.050904
115,ss[policy=difficulty],ss,120000,601,1,1,1,5.25,0.005205527272,1,210,740,,,,,0,0,0,0,0,,,,0.002641666667,1,740,740,0,1,740,740,740,740,740,1,1,0.2837837838,0.2837837838,1.259542655,9,1,8,1,0.07031666667,1,0.004791666667,0,0,0.0004527777778,0.002866666667,0.002866666667,,,,9.79609375,15.52822266,25.32431641,99.4453125,1.015625,0,100.4609375,0.3125,0.3828125,8,99.0625,3.6171875,2.625,0.322265625,102.6796875,120000,30.976459,3.873909539,0.003859,0.852023,0.006956,0.862838
116,ss[policy=difficulty],ss,120000,601,1,1,1,0,0,1,740,740,,,,,0,0,0,0,0,,,,0,0,,740,0,0,0,740,740,740,740,0,0,1,1,0,8,1,8,1,0.06985833333,0,0,0,0,0,0,0,,,,27.4234375,36.95996094,64.38339844,347.9453125,1.078125,0,349.0234375,0.375,0.4453125,8,347.5,2.4453125,1.453125,0.2978515625,349.9453125,120000,41.139655,2.916893688,0.030814,4.479069,0.045724,4.555607
117,ss[policy=difficulty],ss,120000,601,1,1,1,0,0,1,740,740,,,,,0,0,0,0,0,,,,0,0,,740,0,0,0,740,740,740,740,0,0,1,1,0,8,1,8,1,0.06995,0,0,0,0,0,0,0,,,,27.421875,36.37441406,63.79628906,347.9140625,1.046875,0,348.9609375,0.34375,0.4140625,8,347.5,2.4453125,1.453125,0.322265625,349.9453125,120000,51.900273,2.312126566,0.023123,5.598015,0.013237,5.634375
118,ss[policy=difficulty],ss,120000,601,1,1,1,0,0,1,740,740,,,,,0,0,0,0,0,,,,0,0,,740,0,0,0,740,740,740,740,0,0,1,1,0,8,1,8,1,0.06994166667,0,0,0,0,0,0,0,,,,27.42421875,36.97060547,64.39482422,347.8828125,1.015625,0,348.8984375,0.3125,0.3828125,8,347.5,2.4453125,1.453125,0.322265625,349.9453125,120000,54.926101,2.184753657,0.010555,4.109735,0.008818,4.129108
119,ss[policy=difficulty],ss,120000,601,1,1,1,0,0,1,740,640,,,,,0,0,0,0,0,,,,0,0,,640,1,0,0,640,640,640,640,0,0,1.15625,1.15625,-0.1451820098,8,1,8,1,0.06984166667,0,0,0,0,0,0,0,,,,27.425,36.36796875,63.79296875,347.8828125,1.015625,0,348.8984375,0.3125,0.3828125,8,347.5,2.4453125,1.453125,0.322265625,349.9453125,120000,48.396205,2.479533261,0.017714,3.893991,0.007275,3.91898
120,ss[policy=difficulty],ss,120000,601,1,1,1,0,0,1,640,640,,,,,0,0,0,0,0,,,,0,0,,640,0,0,0,640,640,640,640,0,0,1,1,0,40,1,40,1,0.2109416667,0,0,0,0,0,0,0,,,,24.89765625,34.11171875,59.009375,302.1318359,1.828125,0,303.9599609,1.125,1.506835938,40,300.625,10.6484375,9.65625,1.17578125,311.2734375,120000,19.623614,6.115081554,0.016648,3.037454,0.008538,3.06264
121,ss[policy=difficulty],ss,120000,601,1,1,1,0,0,1,640,640,,,,,0,0,0,0,0,,,,0,0,,640,0,0,0,640,640,640,640,0,0,1,1,0,40,1,40,1,0.21095,0,0,0,0,0,0,0,,,,24.89765625,34.11289062,59.01054688,302.2255859,1.921875,0,304.1474609,1.21875,1.600585938,40,300.625,10.6484375,9.65625,1.124023438,311.2734375,120000,15.113249,7.940053128,0.013762,2.912108,0.009655,2.935525
122,ss[policy=difficulty],ss,120000,601,1,1,1,0,0,1,640,640,,,,,0,0,0,0,0,,,,0,0,,640,0,0,0,640,640,640,640,0,0,1,1,0,40,1,40,1,0.2109333333,0,0,0,0,0,0,0,,,,24.89765625,34.11865234,59.01630859,302.1630859,1.859375,0,304.0224609,1.15625,1.538085938,40,300.625,10.6484375,9.65625,1.149414062,311.2734375,120000,15.879313,7.557001994,0.030652,6.411606,0.01141,6.453668
123,ss[policy=difficulty],ss,120000,601,1,1,1,0,0,1,640,540,,,,,0,0,0,0,0,,,,0,0,,540,1,0,0,540,540,540,540,0,0,1.185185185,1.185185185,-0.1698990368,40,1,40,1,0.2109,0,0,0,0,0,0,0,,,,24.8984375,34.12607422,59.02451172,302.1943359,1.890625,0,304.0849609,1.1875,1.569335938,40,300.625,10.6484375,9.65625,1.125,311.2734375,120000,14.023461,8.557088724,0.014488,3.189255,0.026083,3.229826
124,ss[policy=difficulty],ss,120000,601,1,1,1,0,0,1,540,540,,,,,0,0,0,0,0,,,,0,0,,540,0,0,0,540,540,540,540,0,0,1,1,0,40,1,40,1,0.2108666667,0,0,0,0,0,0,0,,,,22.3578125,32.48847656,54.84628906,255.3193359,1.890625,0,257.2099609,1.1875,1.569335938,40,253.75,10.6484375,9.65625,1.150390625,264.3984375,120000,14.717548,8.153532097,0.01912,2.962922,0.009996,2.992038
125,ss[policy=difficulty],ss,120000,601,1,1,1,0,0,1,540,540,,,,,0,0,0,0,0,,,,0,0,,540,0,0,0,540,540,540,540,0,0,1,1,0,8,1,8,1,0.070125,0,0,0,0,0,0,0,,,,22.34609375,33.07285156,55.41894531,254.1640625,1.046875,0,255.2109375,0.34375,0.4140625,8,253.75,2.4453125,1.453125,0.322265625,256.1953125,120000,34.992012,3.429354105,0.024556,3.056217,0.007232,3.088005
126,ss[policy=difficulty],ss,120000,601,1,1,1,0.125,0.0001070205479,1,540,540,,,,,0,0,0,0,0,,,,8.333333333e-06,0,,540,0,0,0,540,540,540,540,0,0,1,1,0,8,1,8,1,0.07014166667,0,0,0,0,1.041666667e-06,0,8.333333333e-06,,,,22.346875,33.07314453,55.42001953,254.1328125,1.015625,0,255.1484375,0.3125,0.3828125,8,253.75,2.4453125,1.453125,0.3466796875,256.1953125,120000,34.622016,3.466002673,0.047891,5.41087,0.014606,5.473367
127,ss[policy=difficulty],ss,120000,601,1,1,1,0.125,0.0001205400193,1,540,440,,,,,0,0,0,0,0,,,,1.666666667e-05,0,,440,1,0,0,440,440,440,440,0,0,1.227272727,1.227272727,-0.2047944126,8,1,8,1,0.070175,0,0,0,0,2.083333333e-06,0,1.666666667e-05,,,,22.34453125,33.07685547,55.42138672,254.1640625,1.046875,0,255.2109375,0.34375,0.4140625,8,253.75,2.4453125,1.453125,0.322265625,256.1953125,120000,36.119878,3.322270358,0.010626,2.489698,0.006662,2.506986
128,ss[policy=difficulty],ss,120000,601,1,1,1,0.375,0.0003658998952,1,440,440,,,,,0,0,0,0,0,,,,1.666666667e-05,0,,440,0,0,0,440,440,440,440,0,0,1,1,0,8,1,8,1,0.070175,0,0,0,0,5.208333333e-06,0,1.666666667e-05,,,,19.8046875,31.77988281,51.58457031,207.3203125,1.078125,0,208.3984375,0.375,0.4453125,8,206.875,2.4453125,1.453125,0.2978515625,209.3203125,120000,30.619653,3.919051597,0.01303,1.990881,0.01375,2.017661
129,ss[policy=difficulty],ss,120000,601,1,1,1,0.25,0.0002783964365,1,440,440,,,,,0,0,0,0,0,,,,2.5e-05,0,,440,0,0,0,440,440,440,440,0,0,1,1,0,8,1,8,1,0.07014166667,0,0,0,0,7.291666667e-06,0,2.5e-05,,,,19.80625,31.42763672,51.23388672,207.2265625,0.984375,0,208.2109375,0.28125,0.3515625,8,206.875,2.4453125,1.453125,0.322265625,209.3203125,120000,27.954917,4.292625873,0.026574,3.511026,0.021199,3.558799
130,ss[policy=difficulty],ss,120000,601,1,1,1,0.025,3.875968992e-05,1,440,440,,,,,0,0,0,0,0,,,,0,0,,440,0,0,0,440,440,440,440,0,0,1,1,0,40,1,40,1,0.21095,0,0,0,0,2.083333333e-07,0,8.333333333e-06,,,,19.8203125,30.8671875,50.6875,208.3818359,1.828125,0,210.2099609,1.125,1.506835938,40,206.875,10.6484375,9.65625,1.17578125,217.5234375,120000,16.292714,7.365255414,0.01027,2.307272,0.022258,2.3398
131,ss[policy=difficulty],ss,120000,601,1,1,1,0,0,1,440,340,,,,,0,0,0,0,0,,,,0,0,,340,1,0,0,340,340,340,340,0,0,1.294117647,1.294117647,-0.2578291093,40,1,40,1,0.21095,0,0,0,0,4.166666667e-07,0,8.333333333e-06,,,,19.81953125,30.85800781,50.67753906,208.4443359,1.890625,0,210.3349609,1.1875,1.569335938,40,206.875,10.6484375,9.65625,1.174804688,217.5234375,120000,16.114881,7.446533425,0.019982,4.202781,0.014251,4.237014
132,ss[policy=difficulty],ss,120000,601,1,1,1,0.15,0.0002348085394,1,340,340,,,,,0,0,0,0,0,,,,8.333333333e-06,0,,340,0,0,0,340,340,340,340,0,0,1,1,0,40,1,40,1,0.2109833333,0,0,0,0,3.333333333e-06,0,1.666666667e-05,,,,13.28046875,29.23369141,42.51416016,161.5068359,1.828125,0,163.3349609,1.125,1.506835938,40,160,10.6484375,9.65625,1.225585938,170.6484375,120000,15.797506,7.596135744,0.012775,2.950942,0.011301,2.975018
133,ss[policy=difficulty],ss,120000,601,1,1,1,0.3,0.0004710107972,1,340,340,,,,,0,0,0,0,0,,,,1.666666667e-05,0,,340,0,0,0,340,340,340,340,0,0,1,1,0,40,1,40,1,0.211,0,0,0,0,4.166666667e-06,0,1.666666667e-05,,,,13.2796875,17.10664063,30.38632812,161.5068359,1.828125,0,163.3349609,1.125,1.506835938,40,160,10.6484375,9.65625,1.17578125,170.6484375,120000,21.379175,5.612938759,0.020659,2.482259,0.018806,2.521724
134,ss[policy=difficulty],ss,120000,601,1,1,1,0.35,0.0005538753371,1,340,340,,,,,0,0,0,0,0,,,,1.666666667e-05,0,,340,0,0,0,340,340,340,340,0,0,1,1,0,40,1,40,1,0.2109833333,0,0,0,0,4.791666667e-06,0,2.5e-05,,,,13.27890625,17.10791016,30.38681641,161.4755859,1.796875,0,163.2724609,1.09375,1.475585938,40,160,10.6484375,9.65625,1.19921875,170.6484375,120000,23.285348,5.153455297,0.008544,2.427878,0.017335,2.453757
135,ss[policy=difficulty],ss,120000,601,1,1,1,0.75,0.000754441335,1,340,270,,,,,0,0,0,0,0,,,,4.166666667e-05,0,,270,1,0,0,270,270,270,270,0,0,1.259259259,1.259259259,-0.2305236586,8,1,8,1,0.070175,0,0,0,0,2.083333333e-05,0,4.166666667e-05,,,,13.265625,17.64199219,30.90761719,160.3828125,1.015625,0,161.3984375,0.3125,0.3828125,8,160,2.4453125,1.453125,0.322265625,162.4453125,120000,51.488941,2.330597555,0.015154,2.484696,0.014909,2.514759
136,ss[policy=difficulty],ss,120000,601,1,1,1,1.875,0.001849915789,1,270,270,,,,,0,0,0,0,0,,,,8.333333333e-05,0,,270,0,0,0,270,270,270,270,0,0,1,1,0,8,1,8,1,0.07025833333,0,0,0,0,4.0625e-05,0,8.333333333e-05,,,,11.4875,16.50224609,27.98974609,127.5703125,1.015625,0,128.5859375,0.3125,0.3828125,8,127.1875,2.4453125,1.453125,0.322265625,129.6328125,120000,39.064485,3.071843901,0.011966,2.129178,0.011677,2.152821
137,ss[policy=difficulty],ss,120000,601,1,1,1,1.625,0.001684821374,1,270,270,,,,,0,0,0,0,0,,,,9.166666667e-05,0,,270,0,0,0,270,270,270,270,0,0,1,1,0,8,1,8,1,0.070275,0,0,0,0,4.6875e-05,0,9.166666667e-05,,,,11.48789063,16.50400391,27.99189453,127.6015625,1.046875,0,128.6484375,0.34375,0.4140625,8,127.1875,2.4453125,1.453125,0.322265625,129.6328125,120000,63.329598,1.894848598,0.007677,2.37695,0.011777,2.396404
138,ss[policy=difficulty],ss,120000,601,1,1,1,1.875,0.001842044942,1,270,270,,,,,0,0,0,0,0,,,,0.000125,0,,270,0,0,0,270,270,270,270,0,0,1,1,0,8,1,8,1,0.070275,0,0,0,0,4.895833333e-05,0,0.000125,,,,11.48828125,16.50527344,27.99355469,127.5703125,1.015625,0,128.5859375,0.3125,0.3828125,8,127.1875,2.4453125,1.453125,0.322265625,129.6328125,120000,37.531722,3.197295344,0.010866,1.38518,0.023865,1.419911
139,ss[policy=difficulty],ss,120000,601,1,1,1,1.75,0.001752775507,1,270,235,,,,,0,0,0,0,0,,,,0.0001166666667,0,,235,1,0,0,235,235,235,235,0,0,1.14893617,1.14893617,-0.1388364449,8,1,8,1,0.07024166667,0,0,0,0,4.479166667e-05,0,0.0001166666667,,,,11.48789063,16.72304688,28.2109375,127.6015625,1.046875,0,128.6484375,0.34375,0.4140625,8,127.1875,2.4453125,1.453125,0.322265625,129.6328125,120000,39.040447,3.073735298,0.010185,2.849155,0.016835,2.876175
140,ss[policy=difficulty],ss,120000,601,0.8888888889,1,0.9411764706,3.2,0.00507125887,1,235,235,,,,,0,0,0,0,0,,,,0.0001916666667,0,,235,0,0,0,235,235,235,235,0,0,1,1,0,45,1,38,1,0.2018416667,7,0.03531666667,0,0,9.981481481e-05,0.0001226190476,0.0002166666667,,,,10.58710938,15.403125,25.99023438,112.3535156,1.84375,0,114.1972656,1.140625,1.572265625,45,110.78125,10.6484375,9.65625,1.317382812,121.4296875,120000,18.738911,6.403787285,0.006723,1.335108,0.007772,1.349603
141,ss[policy=difficulty],ss,120000,601,0.9302325581,1,0.9638554217,2.9,0.004601756634,1,235,235,,,,,0,0,0,0,0,,,,0.000175,0,,235,0,0,0,235,235,235,235,0,0,1,1,0,43,1,38,1,0.20175,5,0.02520833333,0,0,9.980620155e-05,0.0001466666667,0.00025,,,,10.59414062,15.39765625,25.99179687,112.3339844,1.84375,0,114.1777344,1.140625,1.552734375,43,110.78125,10.6484375,9.65625,1.24609375,121.4296875,120000,16.517696,7.264935739,0.00575,1.161839,0.00935,1.176939
142,ss[policy=difficulty],ss,120000,601,0.9302325581,1,0.9638554217,3.5,0.005561947346,1,235,235,,,,,0,0,0,0,0,,,,0.0002083333333,0,,235,0,0,0,235,235,235,235,0,0,1,1,0,43,1,38,1,0.2018416667,5,0.02530833333,0,0,9.825581395e-05,0.0001616666667,0.0002333333333,,,,10.59648437,15.4015625,25.99804688,112.3652344,1.875,0,114.2402344,1.171875,1.583984375,43,110.78125,10.6484375,9.65625,1.21875,121.4296875,120000,14.951108,8.026161004,0.007077,0.976705,0.01108,0.994862
143,ss[policy=difficulty],ss,120000,601,0.9090909091,1,0.9523809524,3.225,0.005133388533,1,235,218,,,,,0,0,0,0,0,,,,0.000225,0,,218,1,0,0,218,218,218,218,0,0,1.077981651,1.077981651,-0.07509045136,44,1,37,1,0.196625,7,0.03545,0,0,0.0001098484848,0.0001583333333,0.0002666666667,,,,10.58554688,15.39970703,25.98525391,112.4228516,1.921875,0,114.3447266,1.21875,1.641601562,44,110.78125,10.6484375,9.65625,1.319335938,121.4296875,120000,15.03667,7.980490361,0.008432,0.988286,0.009671,1.006389
144,ss[policy=difficulty],ss,120000,601,0.7843137255,1,0.8791208791,6.525,0.01034514278,1,218,218,,,,,0,0,0,0,0,,,,0.0004416666667,0,,218,0,0,0,218,218,218,218,0,0,1,1,0,51,1,26,1,0.1403916667,25,0.128,0,0,0.000264869281,0.000342,0.0004916666667,,,,10.0265625,15.12441406,25.15097656,104.6337891,2.03125,0,106.6650391,1.328125,1.821289062,51,102.8125,10.6484375,9.65625,1.430664062,113.4609375,120000,20.802804,5.768453137,0.004768,0.923646,0.009033,0.937447
145,ss[policy=difficulty],ss,120000,601,1,1,1,3.875,0.003823481359,1,218,218,,,,,0,0,0,0,0,,,,0.0003,0,,218,0,0,0,218,218,218,218,0,0,1,1,0,8,1,8,1,0.07038333333,0,0,0,0,0.0001510416667,0,0.0003,,,,10.04609375,15.815625,25.86171875,103.1953125,1.015625,0,104.2109375,0.3125,0.3828125,8,102.8125,2.4453125,1.453125,0.322265625,105.2578125,120000,42.706449,2.809880072,0.011592,1.663342,0.028525,1.703459
146,ss[policy=difficulty],ss,120000,601,1,1,1,4,0.003807821348,1,218,218,,,,,0,0,0,0,0,,,,0.0002083333333,0,,218,0,0,0,218,218,218,218,0,0,1,1,0,8,1,8,1,0.0704,0,0,0,0,0.0001239583333,0,0.0002083333333,,,,10.05507812,15.65390625,25.70898438,103.1640625,0.984375,0,104.1484375,0.28125,0.3515625,8,102.8125,2.4453125,1.453125,0.3466796875,105.2578125,120000,50.214292,2.38975788,0.023828,2.513057,0.01973,2.556615
147,ss[policy=difficulty],ss,120000,601,1,1,1,4.25,0.00410609397,1,218,209,,,,,0,0,0,0,0,,,,0.00025,0,,209,1,0,0,209,209,209,209,0,0,1.043062201,1.043062201,-0.04216081082,8,1,8,1,0.07045,0,0,0,0,0.0001291666667,0,0.00025,,,,10.03632813,15.66445312,25.70078125,103.2578125,1.078125,0,104.3359375,0.375,0.4453125,8,102.8125,2.4453125,1.453125,0.2978515625,105.2578125,120000,37.943212,3.162621024,0.01193,2.780154,0.014327,2.806411
148,ss[policy=difficulty],ss,120000,601,1,1,1,5.75,0.005741668386,1,209,850,,,,,0,0,0,0,0,,,,0.00305,1,850,850,0,1,850,850,850,850,850,1,1,0.2458823529,0.2458823529,1.402902098,10,1,8,1,0.07053333333,2,0.009458333333,0,0,0.0007625,0.0030875,0.0035,,,,9.789453125,15.51738281,25.30683594,99.0078125,1.046875,0,100.0546875,0.34375,0.4140625,8,98.59375,3.6171875,2.625,0.322265625,102.2109375,120000,43.704996,2.745681523,0.041547,1.778376,0.017551,1.837474
149,ss[policy=difficulty],ss,120000,601,1,1,1,0,0,1,850,850,,,,,0,0,0,0,0,,,,0,0,,850,0,0,0,850,850,850,850,0,0,1,1,0,8,1,8,1,0.070125,0,0,0,0,0,0,0,,,,38.21796875,38.19130859,76.40927734,399.5078125,1.078125,0,400.5859375,0.375,0.4453125,8,399.0625,2.4453125,1.453125,0.2978515625,401.5078125,120000,106.414903,1.127661602,0.023415,6.631865,0.014144,6.669424
150,ss[policy=difficulty],ss,120000,601,1,1,1,0,0,1,850,850,,,,,0,0,0,0,0,,,,0,0,,850,0,0,0,850,850,850,850,0,0,1,1,0,20,1,20,1,0.124975,0,0,0,0,0,0,0,,,,38.2140625,37.87246094,76.08652344,399.9365234,1.390625,0,401.3271484,0.6875,0.8740234375,20,399.0625,5.9609375,4.96875,0.6298828125,405.0234375,120000,78.978291,1.51940487,0.017775,3.9128,0.006896,3.937471
151,ss[policy=difficulty],ss,120000,601,1,1,1,0,0,1,850,850,,,,,0,0,0,0,0,,,,0,0,,850,0,0,0,850,850,850,850,0,0,1,1,0,20,1,20,1,0.1249666667,0,0,0,0,4.166666667e-07,0,8.333333333e-06,,,,38.21484375,37.88916016,76.10400391,399.9677734,1.421875,0,401.3896484,0.71875,0.9052734375,20,399.0625,5.9609375,4.96875,0.62890625,405.0234375,120000,70.842233,1.693904821,0.019002,5.050691,0.017078,5.086771
152,ss[policy=difficulty],ss,120000,601,1,1,1,0,0,1,850,750,,,,,0,0,0,0,0,,,,0,0,,750,1,0,0,750,750,750,750,0,0,1.133333333,1.133333333,-0.125163143,20,1,20,1,0.1249416667,0,0,0,0,0,0,0,,,,38.21523438,37.88662109,76.10185547,399.8740234,1.328125,0,401.2021484,0.625,0.8115234375,20,399.0625,5.9609375,4.96875,0.6787109375,405.0234375,120000,80.40623,1.492421669,0.018074,7.418091,0.018156,7.454321
153,ss[policy=difficulty],ss,120000,601,1,1,1,0.1,0.0001354978862,1,750,750,,,,,0,0,0,0,0,,,,8.333333333e-06,0,,750,0,0,0,750,750,750,750,0,0,1,1,0,20,1,20,1,0.125025,0,0,0,0,8.333333333e-07,0,8.333333333e-06,,,,27.67695313,36.24667969,63.92363281,353.0302734,1.359375,0,354.3896484,0.65625,0.8427734375,20,352.1875,5.9609375,4.96875,0.6787109375,358.1484375,120000,37.348511,3.212979495,0.013001,3.549677,0.008015,3.570693
154,ss[policy=difficulty],ss,120000,601,1,1,1,0.05,7.052186178e-05,1,750,750,,,,,0,0,0,0,0,,,,0,0,,750,0,0,0,750,750,750,750,0,0,1,1,0,20,1,20,1,0.1250166667,0,0,0,0,4.166666667e-07,0,8.333333333e-06,,,,27.675,36.23564453,63.91064453,353.1552734,1.484375,0,354.6396484,0.78125,0.9677734375,20,352.1875,5.9609375,4.96875,0.6298828125,358.1484375,120000,36.66583,3.272801952,0.0179,4.29612,0.020906,4.334926
155,ss[policy=difficulty],ss,120000,601,1,1,1,0,0,1,750,750,,,,,0,0,0,0,0,,,,0,0,,750,0,0,0,750,750,750,750,0,0,1,1,0,20,1,20,1,0.1250416667,0,0,0,0,0,0,0,,,,27.67617188,36.25,63.92617188,353.0615234,1.390625,0,354.4521484,0.6875,0.8740234375,20,352.1875,5.9609375,4.96875,0.6298828125,358.1484375,120000,33.959833,3.533586281,0.019646,5.488684,0.011665,5.519995
156,ss[policy=difficulty],ss,120000,601,1,1,1,0.1,0.0001286245353,1,750,650,,,,,0,0,0,0,0,,,,8.333333333e-06,0,,650,1,0,0,650,650,650,650,0,0,1.153846154,1.153846154,-0.1431008436,20,1,20,1,0.1249166667,0,0,0,0,8.333333333e-07,0,8.333333333e-06,,,,27.675,36.2515625,63.9265625,353.1552734,1.484375,0,354.6396484,0.78125,0.9677734375,20,352.1875,5.9609375,4.96875,0.60546875,358.1484375,120000,35.415387,3.388357721,0.008973,6.698197,0.014506,6.721676
157,ss[policy=difficulty],ss,120000,601,1,1,1,0.05,6.657789614e-05,1,650,650,,,,,0,0,0,0,0,,,,8.333333333e-06,0,,650,0,0,0,650,650,650,650,0,0,1,1,0,20,1,20,1,0.1250166667,0,0,0,0,1.25e-06,0,8.333333333e-06,,,,25.13828125,34.60263672,59.74091797,306.1552734,1.359375,0,307.5146484,0.65625,0.8427734375,20,305.3125,5.9609375,4.96875,0.65234375,311.2734375,120000,32.039798,3.745341965,0.01754,3.424953,0.008911,3.451404
158,ss[policy=difficulty],ss,120000,601,1,1,1,0,0,1,650,650,,,,,0,0,0,0,0,,,,0,0,,650,0,0,0,650,650,650,650,0,0,1,1,0,20,1,20,1,0.125075,0,0,0,0,0,0,0,,,,25.13632812,34.60449219,59.74082031,306.1865234,1.390625,0,307.5771484,0.6875,0.8740234375,20,305.3125,5.9609375,4.96875,0.62890625,311.2734375,120000,24.796077,4.839475212,0.02001,3.409542,0.007425,3.436977
159,ss[policy=difficulty],ss,120000,601,1,1,1,0.05,6.596306069e-05,1,650,650,,,,,0,0,0,0,0,,,,0,0,,650,0,0,0,650,650,650,650,0,0,1,1,0,20,1,20,1,0.1250333333,0,0,0,0,4.166666667e-07,0,8.333333333e-06,,,,25.13632812,34.60185547,59.73818359,306.2177734,1.421875,0,307.6396484,0.71875,0.9052734375,20,305.3125,5.9609375,4.96875,0.6298828125,311.2734375,120000,26.309876,4.561024917,0.014969,4.005061,0.020157,4.040187
