dataset,n,mode,windows,N_global,service_violation_rate,probe_count,probe_failure_count,probe_failure_rate,aae,are,mem_worker_total_kib,q_mean,q_next_mean,q_volatility,hh_f1,hh_recall,candidate_hh_recall,ambiguous_mass,interval_width_avg,interval_width_amb_avg
temporal_guard_burst_schedule_n200,200,comfort_guided_probing,93,60000,0.03225806452,17,0,0,5.553763441,0.008519419598,25.26543977,260.9892473,261.0215054,79.37329178,1,1,1,0,0.0002147177419,0
temporal_guard_burst_schedule_n200,200,pressure_gated_comfort_probing,93,60000,0.03225806452,19,0,0,6.083333333,0.009339807378,24.44501365,254.5053763,254.5376344,78.79881146,1,1,1,0,0.0002350358423,0
temporal_guard_burst_schedule_n200,200,probing,93,60000,0.05376344086,21,2,0.09523809524,6.377688172,0.009727045871,24.32224084,251.311828,251.3225806,54.86088701,1,1,1,0,0.0002518369176,0
temporal_guard_burst_schedule_n200,200,residual_guarded_probing,93,60000,0.04301075269,16,3,0.1875,5.365591398,0.008136424454,25.93146484,268.8064516,269.5268817,51.9921102,1,1,1,0,0.0002033602151,0
temporal_guard_oscillation_schedule_n200,200,comfort_guided_probing,96,60000,0.1145833333,19,9,0.4736842105,6.587239583,0.009854509129,28.82448781,310.1770833,311.3333333,73.49027788,1,1,1,0,0.0002550564236,0
temporal_guard_oscillation_schedule_n200,200,pressure_gated_comfort_probing,96,60000,0.05208333333,17,1,0.05882352941,7.712239583,0.01157192946,27.96886902,289.8958333,290.8645833,77.42833415,1,1,1,0,0.0002892578125,0
temporal_guard_oscillation_schedule_n200,200,probing,96,60000,0.1458333333,33,8,0.2424242424,8.114583333,0.01210654069,27.52464986,286.4895833,287.5520833,51.94754334,1,1,1,0,0.0003205078125,0
temporal_guard_oscillation_schedule_n200,200,residual_guarded_probing,96,60000,0.08333333333,20,6,0.3,7.2578125,0.01084886861,27.59605133,291.8020833,292.6770833,54.14651076,1,1,1,0,0.0002801215278,0
temporal_guard_ramp_schedule_n200,200,comfort_guided_probing,100,60086.87,0.11,18,8,0.4444444444,7.70625,0.01177993844,26.26639453,285.94,285.96,73.33000268,1,1,1,0,0.0003246176566,0
temporal_guard_ramp_schedule_n200,200,pressure_gated_comfort_probing,100,60086.87,0.11,15,5,0.3333333333,8.36,0.01277905153,25.63991494,276.85,276.88,68.46312507,1,1,1,0,0.0003537450896,0
temporal_guard_ramp_schedule_n200,200,probing,100,60086.87,0.04,5,3,0.6,6.7075,0.01014642043,27.93815195,312.19,313.48,56.04321835,1,1,1,0,0.0002638895206,0
temporal_guard_ramp_schedule_n200,200,residual_guarded_probing,100,60086.87,0.11,11,7,0.6363636364,7.4575,0.01128729187,27.51147822,296.34,297.25,54.98892818,1,1,1,0,0.0002995718753,0
temporal_guard_step_schedule_n200,200,comfort_guided_probing,110,60000,0.07272727273,18,7,0.3888888889,7.525,0.01137845209,24.25495597,258.6090909,258.6181818,64.92283288,1,1,1,0,0.0002954166667,0
temporal_guard_step_schedule_n200,200,pressure_gated_comfort_probing,110,60000,0.009090909091,8,0,0,8.234090909,0.01245570602,23.45712589,247.4727273,247.4909091,54.96115544,1,1,1,0,0.0003184848485,0
temporal_guard_step_schedule_n200,200,probing,110,60000,0.03636363636,9,3,0.3333333333,7.588636364,0.0114059214,25.33848597,263.8909091,264.6272727,49.04151872,1,1,1,0,0.0002983712121,0
temporal_guard_step_schedule_n200,200,residual_guarded_probing,110,60000,0.05454545455,17,4,0.2352941176,7.442045455,0.011219085,25.295981,263.2636364,263.6636364,55.61296088,1,1,1,0,0.0002903219697,0
