placement,n,method,epsilon_m,windows,precision,recall,f1,normalized_error,normalized_error_p95,target_violation_rate,worker_mib,upstream_kib,coord_peak_kib
round_robin,200,Adaptive SS,0.01,199,0.9902222222222222,1.0,0.9950870924519876,0.003347182650645125,0.006161300379536104,0.0,0.461150542025067,9490.805134015076,11.590452261306533
round_robin,200,Adaptive SS,0.03,199,0.9840989399293286,1.0,0.9919857524487979,0.006528287874932745,0.012001864486648,0.0,0.2982974350502512,6982.771734592968,11.593396670854272
round_robin,200,Adaptive SS,0.05,199,0.9686956521739131,1.0,0.9840989399293287,0.012405842486434216,0.021178438937265936,0.0,0.2357935227808968,5015.370323236181,11.608118718592964
round_robin,200,Adaptive SS,0.1,199,0.9298831385642737,1.0,0.9636678200692042,0.03303243496118723,0.053053182695946006,0.0,0.12624852817947152,2800.2575719949746,11.649340452261306
round_robin,200,Adaptive SS,0.15,199,0.8883572567783095,1.0,0.9408783783783785,0.05274475511904977,0.07812268920793841,0.0,0.10273339487412655,2045.915142075376,11.71264525753769
round_robin,200,Adaptive SS,0.25,199,0.8031723143475126,1.0,0.890843662534986,0.08913661432177314,0.13661105367151177,0.0,0.0636620743910961,1409.918611552262,11.883421011306533
round_robin,200,Adaptive SS,0.4,199,0.667065868263473,1.0,0.800287356321839,0.14811869290506624,0.2136912336210751,0.0,0.04301278358746861,954.5461879552763,12.192584013819095
round_robin,200,Adaptive SS,0.6,199,0.4973214285714286,1.0,0.6642814549791295,0.225250766259685,0.3199717506025977,0.0,0.03347604272343161,679.7606440437187,12.72404993718593
round_robin,200,Hybrid,0.01,199,0.9982078853046595,1.0,0.9991031390134528,0.00043462098084717614,0.0028367792397119593,0.0,0.4179923256904642,8755.204984889451,42.27696588422111
round_robin,200,Hybrid,0.03,199,0.9982078853046595,1.0,0.9991031390134528,0.0009750285878621687,0.005523928507475947,0.0,0.28138308520139765,6310.491358155777,42.27738791638193
round_robin,200,Hybrid,0.05,199,0.9955317247542449,1.0,0.9977608598298254,0.0016524703623854362,0.009018149024912638,0.0,0.21797615051527164,4946.395129974873,42.28074454341712
round_robin,200,Hybrid,0.1,199,0.9814977973568282,1.0,0.9906625166740773,0.00459152962391153,0.02401833690001127,0.0,0.11175429799785065,2494.645085824121,42.9040171568342
round_robin,200,Hybrid,0.15,199,0.9620034542314335,1.0,0.9806338028169014,0.008282814051683109,0.03907864577161538,0.0,0.07778229047287219,1789.3433476080395,44.38314620005027
round_robin,200,Hybrid,0.25,199,0.9260182876142976,1.0,0.9615882606819163,0.01473936479358553,0.05812185918414793,0.0,0.05997621277466434,1282.4243090859288,44.988050604723625
round_robin,200,Hybrid,0.4,199,0.8827258320126783,1.0,0.9377104377104377,0.022981588299942575,0.09578774137634424,0.0,0.04033792821632577,929.3497909623117,45.200298366934675
round_robin,200,Hybrid,0.6,199,0.7934472934472935,1.0,0.8848292295472597,0.03293600675094284,0.13342443609876753,0.0,0.035555209634500616,723.7902500783921,45.60561106301506
round_robin,400,Adaptive SS,0.01,199,0.9883105425672695,1.0,0.9941209095951191,0.006927998216658796,0.010790802864373658,0.08542713567839195,0.4649248075254199,9604.505093844224,15.085466394472363
round_robin,400,Adaptive SS,0.03,199,0.9880926130099228,1.0,0.9940106477373558,0.007070873096634024,0.010907822397026493,0.0,0.4639563745470517,9552.801586070354,15.085466394472363
round_robin,400,Adaptive SS,0.05,199,0.9781707050862257,1.0,0.9889649084087397,0.011556891142466007,0.0166560604484977,0.0,0.32667132066043114,7588.502080708547,15.109021670854272
round_robin,400,Adaptive SS,0.1,199,0.9483597883597884,1.0,0.9734955463827938,0.028628472325213948,0.040095820305178866,0.0,0.23097321831619036,4785.266101010052,15.15613222361809
round_robin,400,Adaptive SS,0.15,199,0.912999185004075,1.0,0.9545212482692513,0.04823616768617425,0.06452094507925694,0.0,0.14572382922081104,3522.7657820150753,15.273908605527637
round_robin,400,Adaptive SS,0.25,199,0.8363195222097798,1.0,0.9108649252972862,0.0841423456443505,0.11002424815201986,0.0,0.11731519928941592,2432.995352743717,15.580127198492463
round_robin,400,Adaptive SS,0.4,199,0.7145590814862064,1.0,0.8335193452380952,0.14141420426696424,0.18348544131741706,0.0,0.07140477376982571,1704.6744905929643,17.205441268844222
round_robin,400,Adaptive SS,0.6,199,0.5429540773052224,1.0,0.703785142139155,0.22147521980071613,0.28030805835576983,0.0,0.06073730957585781,1227.981391346734,19.772966394472363
round_robin,400,Hybrid,0.01,199,0.9982178658944085,1.0,0.999108138238573,0.0006969916420436393,0.002420717638810228,0.0,0.4474697528055313,9116.988310658297,86.00227701075363
round_robin,400,Hybrid,0.03,199,0.997773324426631,1.0,0.9988854213107445,0.0007980326072764267,0.0024879476050674266,0.0,0.4355591870784585,8859.981396231158,86.01079616904508
round_robin,400,Hybrid,0.05,199,0.996220542463317,1.0,0.9981066933957011,0.0013991013588700518,0.0036572771943417445,0.0,0.29899225062863144,7192.815940030153,86.02575867703499
round_robin,400,Hybrid,0.1,199,0.9913716814159292,1.0,0.9956671480946562,0.0034019541904287496,0.009476565888260246,0.0,0.21357129724992147,4702.487098562814,86.05908448592962
round_robin,400,Hybrid,0.15,199,0.9835381913959613,1.0,0.9917007856589576,0.006218308257870311,0.015109019528010133,0.0,0.143611981949788,3380.517249311558,86.35406524814069
round_robin,400,Hybrid,0.25,199,0.9632416165090284,1.0,0.981276688930253,0.01254834460501128,0.03112791171361605,0.0,0.1099542908183986,2351.9162609748755,91.07111239829145
round_robin,400,Hybrid,0.4,199,0.9203121790922161,1.0,0.9585026737967914,0.022802784897649885,0.050083014639860146,0.0,0.07241671078178984,1720.7579057336677,91.5467179649246
round_robin,400,Hybrid,0.6,199,0.8464299206649036,1.0,0.9168286445012788,0.03471191874655963,0.07171737590011146,0.0,0.06263644386193666,1314.6082511959803,92.25041712472363
round_robin,600,Adaptive SS,0.01,199,0.9831472508953023,1.0,0.9915020182706608,0.010407479800653239,0.014410546494615383,0.5477386934673367,0.46465461750206094,9605.858064733664,19.8671875
round_robin,600,Adaptive SS,0.03,199,0.9830437072143233,1.0,0.9914493600297413,0.010427084767193697,0.014410546494615383,0.0,0.4646962695871936,9601.06441876884,19.8671875
round_robin,600,Adaptive SS,0.05,199,0.9826297505000526,1.0,0.9912387829873096,0.010745760737043015,0.014809499353145685,0.0,0.46369453276882466,9542.615798718589,19.8671875
round_robin,600,Adaptive SS,0.1,199,0.9585130416923393,1.0,0.9788171140939598,0.025526992069924096,0.03566340981574326,0.0,0.2673505950823454,6257.19612219096,19.961408605527637
round_robin,600,Adaptive SS,0.15,199,0.9311652035115723,1.0,0.9643558218824259,0.04453456332421021,0.05679823782285857,0.0,0.2289607709386776,4711.702629326633,20.055629711055275
round_robin,600,Adaptive SS,0.25,199,0.8611495525417474,1.0,0.9253953303921083,0.08233328001446116,0.09808333055444889,0.0,0.13749879098863452,3264.8859630351753,20.432514133165828
round_robin,600,Adaptive SS,0.4,199,0.7553002103900307,1.0,0.8605937672874792,0.1366180475360342,0.16483639464241304,0.0,0.11643023121663008,2331.72029585427,23.306257851758794
round_robin,600,Adaptive SS,0.6,199,0.5750015400726914,1.0,0.7301599718386984,0.2114451110717912,0.2530806168704612,0.0,0.07303001672184162,1723.2520218241198,29.053745288944725
round_robin,600,Hybrid,0.01,199,0.998502353444587,1.0,0.9992506155657852,0.0011552084394696697,0.0028574591921680928,0.0,0.44427758403492085,8959.63999194975,128.219780540201
round_robin,600,Hybrid,0.03,199,0.9982887700534759,1.0,0.9991436523228431,0.0012871076156428215,0.003145675541057766,0.0,0.42159487997605194,8800.589941879398,128.22250902562814
round_robin,600,Hybrid,0.05,199,0.9979685662354325,1.0,0.9989832503879703,0.0014556494758770039,0.0037654830995146006,0.0,0.39849471221439214,8601.7113889598,128.22429530150754
round_robin,600,Hybrid,0.1,199,0.9943538936827527,1.0,0.9971689546498584,0.0033060012767521566,0.0071622976659862485,0.0,0.25910816978839507,5948.59908428643,130.66022004221102
round_robin,600,Hybrid,0.15,199,0.9876203576341128,1.0,0.9937716262975779,0.0059868342536650646,0.012104559486957937,0.0,0.20306389084681215,4572.180104653263,133.0365008668342
round_robin,600,Hybrid,0.25,199,0.96906146179402,1.0,0.9842876726774228,0.011854276942622246,0.02170114770754665,0.0,0.13554599234453524,3169.9638132010055,133.5262101492462
round_robin,600,Hybrid,0.4,199,0.927925241077642,1.0,0.9626153766823081,0.021364394101345184,0.03543227060979611,0.0,0.09712718302047343,2317.192844115577,133.95701162211057
round_robin,600,Hybrid,0.6,199,0.8564088448481512,1.0,0.9226511145158899,0.0336219430999388,0.05575415703693704,0.0,0.07496141654144747,1792.0141724472355,135.08590805678392
round_robin,800,Adaptive SS,0.01,199,0.9772097320603634,1.0,0.9884735202492212,0.013757185159781093,0.018195171736342407,0.9346733668341709,0.46489103614459,9607.49968100502,28.818192525125628
round_robin,800,Adaptive SS,0.03,199,0.9772097320603634,1.0,0.9884735202492212,0.013757185159781093,0.018195171736342407,0.0,0.46489103614459,9607.49968100502,28.818192525125628
round_robin,800,Adaptive SS,0.05,199,0.9772097320603634,1.0,0.9884735202492212,0.013821800186732871,0.018195171736342407,0.0,0.46488950422768116,9596.230365678388,28.818192525125628
round_robin,800,Adaptive SS,0.1,199,0.9635005465808333,1.0,0.9814110296619344,0.024235877315578674,0.031159136032211897,0.0,0.3116393215771239,7414.142789130654,28.912413630653266
round_robin,800,Adaptive SS,0.15,199,0.9382022471910112,1.0,0.9681159420289854,0.04072701604700905,0.05187283726880511,0.0,0.24990723835731404,5699.238580603019,29.053745288944725
round_robin,800,Adaptive SS,0.25,199,0.881976873471203,1.0,0.9372876849909905,0.07763509942541359,0.09431609587149403,0.0,0.17870991184339674,3956.6279934723602,29.2421875
round_robin,800,Adaptive SS,0.4,199,0.7815655943642544,1.0,0.8773918814290456,0.12950565906128408,0.1524561325704388,0.0,0.12592091449925413,2880.1486730402025,29.2421875
round_robin,800,Adaptive SS,0.6,199,0.6254928244756348,1.0,0.7696039195711757,0.19812911161414226,0.23259934255687226,0.0,0.11137139238683645,2183.2653845376894,39.418066896984925
round_robin,800,Hybrid,0.01,199,0.9952324195470799,1.0,0.997610513739546,0.0018917679104565595,0.0034973864776768667,0.0,0.4395362863580597,8757.820292839197,176.31359433517585
round_robin,800,Hybrid,0.03,199,0.9952324195470799,1.0,0.997610513739546,0.0018917679104565595,0.0034973864776768667,0.0,0.4395362863580597,8757.820292839197,176.31359433517585
round_robin,800,Hybrid,0.05,199,0.9951699912181659,1.0,0.997579149243877,0.0020335171516573463,0.004197851578585755,0.0,0.43352448458748827,8682.774968572865,176.33881811055275
round_robin,800,Hybrid,0.1,199,0.9926792641721938,1.0,0.9963261845699752,0.0035192714512881037,0.0059666090189426065,0.0,0.2836737641400361,7028.970590226128,178.08954440301508
round_robin,800,Hybrid,0.15,199,0.9874891074318436,1.0,0.993705176787448,0.006048666092143724,0.011384483274567715,0.0,0.24887115670098547,5479.27943427638,178.3492069723618
round_robin,800,Hybrid,0.25,199,0.9713463540072247,1.0,0.9854649357102926,0.013085034912504921,0.020989257885818128,0.0,0.15430123909243484,3826.1472155477404,178.65618129597988
round_robin,800,Hybrid,0.4,199,0.9406498280564449,1.0,0.9694173719104213,0.023012770646554524,0.03587767900056545,0.0,0.12812030102058147,2806.5719908542706,179.35696548743715
round_robin,800,Hybrid,0.6,199,0.8576139250770312,1.0,0.9233500174601327,0.0372469533240653,0.05923856329449564,0.0,0.0849874616269335,2167.666584869347,180.52739772964824
filter_aware_threshold07,200,Adaptive SS,0.01,199,0.9946428571428572,1.0,0.9973142345568488,0.0018229742099057846,0.004645620486323762,0.0,0.34990697707384594,7742.763583522612,11.584563442211055
filter_aware_threshold07,200,Adaptive SS,0.03,199,0.9867139061116031,1.0,0.9933125278644672,0.006480817576446151,0.013544501239744329,0.0,0.21513046187480375,4775.2790024070355,11.593396670854272
filter_aware_threshold07,200,Adaptive SS,0.05,199,0.9653379549393414,1.0,0.982363315696649,0.014825369376712682,0.026972772616700558,0.0,0.13624895685512525,2815.4794479748753,11.61989635678392
filter_aware_threshold07,200,Adaptive SS,0.1,199,0.9260182876142976,1.0,0.9615882606819163,0.035490940846841575,0.05720116910088079,0.0,0.06622308630456974,1363.1990469984903,11.652284861809045
filter_aware_threshold07,200,Adaptive SS,0.15,199,0.8919135308246597,1.0,0.942869234024545,0.05186031543399116,0.08690270973757643,0.0,0.048490366911903254,1009.8392794160796,11.699395414572864
filter_aware_threshold07,200,Adaptive SS,0.25,199,0.8276374442793462,1.0,0.9056910569105691,0.07537371399368926,0.1238062556109239,0.0,0.03572017583410214,762.7537393999995,11.82158841080402
filter_aware_threshold07,200,Adaptive SS,0.4,199,0.7510121457489879,0.9991023339317774,0.8574730354391372,0.10449623915429547,0.1755991167712181,0.0,0.0315675062151578,630.235253416583,11.989419755025125
filter_aware_threshold07,200,Adaptive SS,0.6,199,0.7,0.9676840215439856,0.8123587038432554,0.1788376643962195,0.44160706238517267,0.0,0.029971844850374914,567.7396651276382,12.214667085427136
filter_aware_threshold07,200,Hybrid,0.01,199,0.9991031390134529,1.0,0.9995513683266039,0.0003025433029442943,0.0019787316164990437,0.0,0.3050547120558849,6964.977112130653,42.26233216874373
filter_aware_threshold07,200,Hybrid,0.03,199,0.9982078853046595,1.0,0.9991031390134528,0.0009216473207108697,0.0054785085244976085,0.0,0.21689843172935,4735.396322447234,42.26318604758795
filter_aware_threshold07,200,Hybrid,0.05,199,0.9937555753791257,1.0,0.9968680089485458,0.0020052880122775237,0.009893658086561105,0.0,0.13076873721871085,2792.697157684924,42.27050781276384
filter_aware_threshold07,200,Hybrid,0.1,199,0.9789103690685413,1.0,0.9893428063943162,0.005027350785197414,0.023643751166344935,0.0,0.05995158046830833,1248.9242697738696,42.37072569909548
filter_aware_threshold07,200,Hybrid,0.15,199,0.9661751951431049,1.0,0.9827966475518305,0.007368946386123026,0.03690844911820649,0.0,0.04670407769649028,954.1599550633167,42.45222695547741
filter_aware_threshold07,200,Hybrid,0.25,199,0.9408783783783784,1.0,0.969538729329852,0.01126883288869552,0.05346284292279596,0.0,0.03522024442191425,703.2008627201002,42.63283703688442
filter_aware_threshold07,200,Hybrid,0.4,199,0.9271966527196652,0.9946140035906643,0.9597228237332178,0.016958084643232632,0.07414200447649838,0.0,0.029511256577614657,589.1601268055276,42.79763073170854
filter_aware_threshold07,200,Hybrid,0.6,199,0.9114452798663325,0.9793536804308797,0.9441800086542622,0.029974644029670903,0.14391870739024923,0.0,0.024739509706785883,523.7130967326633,42.98682867437185
filter_aware_threshold07,400,Adaptive SS,0.01,199,0.9959991109135363,1.0,0.9979955456570155,0.0018438872626832339,0.0034343024585431307,0.0,0.40026586110729406,8008.722778934676,15.085466394472363
filter_aware_threshold07,400,Adaptive SS,0.03,199,0.9885285682770792,1.0,0.9942311959174618,0.00660631521841754,0.010819610544111201,0.0,0.24851326051056066,4978.8834013969845,15.097244032663317
filter_aware_threshold07,400,Adaptive SS,0.05,199,0.9756150664053995,1.0,0.9876570420983029,0.012512953088900792,0.02065122344594405,0.0,0.1776320010339785,3698.066646688444,15.109021670854272
filter_aware_threshold07,400,Adaptive SS,0.1,199,0.946756813860131,1.0,0.9726503147384415,0.0293282847932704,0.04297289514053313,0.0,0.11889931309751883,2260.1633656432164,15.132576947236181
filter_aware_threshold07,400,Adaptive SS,0.15,199,0.9157980788882076,1.0,0.9560486451888202,0.04543488427852054,0.06255068727455232,0.0,0.07509047776686167,1666.2625873266318,15.238575690954773
filter_aware_threshold07,400,Adaptive SS,0.25,199,0.8607376104494814,1.0,0.925157427480128,0.06973146857914228,0.09816906706797113,0.0,0.062411881738428474,1289.420245738693,15.415240263819095
filter_aware_threshold07,400,Adaptive SS,0.4,199,0.8398160567158459,0.9781298817228298,0.9037113402061857,0.09245190602566103,0.2728320620609785,0.0,0.06005922590619112,1249.5213616934673,15.615460113065327
filter_aware_threshold07,400,Adaptive SS,0.6,199,0.7406110138159175,0.8493639812541843,0.7912681912681913,0.22793244473145557,0.409069283955632,0.0,0.05346086238502083,1061.3637474417085,16.59300408291457
filter_aware_threshold07,400,Hybrid,0.01,199,0.9995538701762213,1.0,0.999776885319054,0.0002159091756736882,0.0010213622774487999,0.0,0.3988272849049936,7415.655445180906,85.94243679386928
filter_aware_threshold07,400,Hybrid,0.03,199,0.9973291787224572,1.0,0.9986628036550034,0.0009042523487817292,0.0028797390237287773,0.0,0.23917412293106152,4566.770125055278,85.98655386366825
filter_aware_threshold07,400,Hybrid,0.05,199,0.9951143681989785,1.0,0.9975512021371327,0.0015871847976093078,0.005235598965367969,0.0,0.17808669808956898,3623.4452585678387,85.99268805030138
filter_aware_threshold07,400,Hybrid,0.1,199,0.9913716814159292,1.0,0.9956671480946562,0.0037443453480300063,0.011488017184044798,0.0,0.11281211766822391,2244.1824159799007,86.03028816025113
filter_aware_threshold07,400,Hybrid,0.15,199,0.982890984865102,1.0,0.9913716814159291,0.006062089142181209,0.01664822984258516,0.0,0.07931480647348067,1569.0482392311555,86.0624558350251
filter_aware_threshold07,400,Hybrid,0.25,199,0.9732841007819287,1.0,0.9864611997798569,0.008901606836187794,0.022788881557110247,0.0,0.060974473905268535,1188.5764172427137,86.13902029718592
filter_aware_threshold07,400,Hybrid,0.4,199,0.9637462235649547,0.9966525329167597,0.9799232035106967,0.014465143989498545,0.04682884818526999,0.0,0.04799205396661038,1013.0306463914574,86.34004004412056
filter_aware_threshold07,400,Hybrid,0.6,199,0.94921875,0.9761214014728855,0.9624821212454615,0.028581381294154707,0.08919401285826926,0.0,0.04316309468813793,928.8403344849246,86.62930865256281
filter_aware_threshold07,600,Adaptive SS,0.01,199,0.9952020471265594,1.0,0.9975952546358147,0.002575845542853667,0.004048299584610292,0.0,0.39357982783890155,7194.770336045229,19.84363222361809
filter_aware_threshold07,600,Adaptive SS,0.03,199,0.9917127071823204,1.0,0.9958391123439667,0.005543320547553683,0.009646972837968846,0.0,0.26987030110709787,5442.206717201005,19.84363222361809
filter_aware_threshold07,600,Adaptive SS,0.05,199,0.9815963823745925,1.0,0.9907127315183356,0.012115441044965647,0.018088828968831194,0.0,0.22148047672149815,4047.9508087185927,19.8671875
filter_aware_threshold07,600,Adaptive SS,0.1,199,0.9580211433849943,1.0,0.978560570320281,0.026341030026772218,0.03798067074126148,0.0,0.1483094461231942,2979.6431669748736,19.961408605527637
filter_aware_threshold07,600,Adaptive SS,0.15,199,0.9321881553979826,1.0,0.9649041195017316,0.041370556794440204,0.05640489434487174,0.0,0.11818283085731394,2288.058966683417,20.008519158291456
filter_aware_threshold07,600,Adaptive SS,0.25,199,0.8893024143525146,0.9983929719305764,0.9406955029526068,0.06291556109115996,0.08598398219383017,0.0,0.08298356425123662,1853.5433416934673,20.149850816582916
filter_aware_threshold07,600,Adaptive SS,0.4,199,0.8627960716348931,0.9600385686736662,0.9088235294117648,0.10837721724574499,0.27368263951163513,0.0,0.07703856310031604,1727.1351238291447,20.38540358040201
filter_aware_threshold07,600,Adaptive SS,0.6,199,0.7842629069044164,0.8104778230126419,0.797154899894626,0.2570815724783654,0.38633846473685085,0.0,0.06751745180879982,1562.886228005026,22.364046796482413
filter_aware_threshold07,600,Hybrid,0.01,199,0.9995716427500535,1.0,0.9997857754927163,0.00025490898789275104,0.0007407663404716426,0.0,0.3650568392794048,6465.941028366832,128.19508185125628
filter_aware_threshold07,600,Hybrid,0.03,199,0.9994646107720313,1.0,0.9997322337064211,0.0006784823095242322,0.0017044976722619448,0.0,0.2580994096100621,5041.2271023065305,128.19893902763818
filter_aware_threshold07,600,Hybrid,0.05,199,0.9980752780153977,1.0,0.999036711976881,0.0016226414444753395,0.003667458653705684,0.0,0.19857584033497566,3674.6403600200993,128.21049583216077
filter_aware_threshold07,600,Hybrid,0.1,199,0.9943538936827527,1.0,0.9971689546498584,0.003492852458460213,0.00765167802618369,0.0,0.14555317883347402,2768.2118060904527,128.24153972412057
filter_aware_threshold07,600,Hybrid,0.15,199,0.9882477501323451,1.0,0.9940891421268438,0.005383629276066207,0.011194609299150933,0.0,0.10939359041982376,2172.2427125979893,128.2891655522613
filter_aware_threshold07,600,Hybrid,0.25,199,0.9787144804445842,1.0,0.9892427534311907,0.00873917596985133,0.018217924011819483,0.0,0.07914714837252664,1633.458101060302,128.4064315718593
filter_aware_threshold07,600,Hybrid,0.4,199,0.966061235080436,0.9972144846796658,0.9813906900732776,0.013893437759700273,0.03319832107034297,0.0,0.07046381907265821,1418.392691,128.72920265075376
filter_aware_threshold07,600,Hybrid,0.6,199,0.946696457069901,0.953289050782087,0.9499813163935301,0.05089757316702817,0.08635626034143691,0.0,0.06577269510982647,1268.0033861005022,131.79879377487435
filter_aware_threshold07,800,Adaptive SS,0.01,199,0.9962323390894819,1.0,0.9981126140295691,0.0026523147893175903,0.003935164401730861,0.0,0.3842326844765819,7001.73569019598,28.72397141959799
filter_aware_threshold07,800,Adaptive SS,0.03,199,0.9916244765297831,1.0,0.9957946271654532,0.004812036080503016,0.00846859126068485,0.0,0.309342819438501,6026.808407271358,28.72397141959799
filter_aware_threshold07,800,Adaptive SS,0.05,199,0.9823529411764705,1.0,0.9910979228486646,0.011162789018202245,0.015398179518447328,0.0,0.23934059354241927,4665.67800917588,28.818192525125628
filter_aware_threshold07,800,Adaptive SS,0.1,199,0.9638517618469016,1.0,0.9815931941221965,0.02387140964081823,0.03433337668815809,0.0,0.1612485037855291,3468.7117128592968,28.959524183417084
filter_aware_threshold07,800,Adaptive SS,0.15,199,0.945808990103732,1.0,0.9721498820429548,0.03590516926698554,0.049530269512580764,0.0,0.13797799176988457,2925.225757733669,29.006634736180903
filter_aware_threshold07,800,Adaptive SS,0.25,199,0.9140352913861156,0.9925622439331863,0.9516816245127369,0.05921606637185434,0.11324694499355394,0.0,0.11762453285372175,2429.9495475376884,29.147966394472363
filter_aware_threshold07,800,Adaptive SS,0.4,199,0.8779960353216796,0.9212732429877087,0.8991141732283464,0.12518149673176013,0.259647996181281,0.0,0.11060508411623536,2255.543503663317,29.19507694723618
filter_aware_threshold07,800,Adaptive SS,0.6,199,0.7884886553006025,0.7754175858808698,0.7818984968379572,0.2638322948085098,0.37080416970320645,0.0,0.09394471590177451,2037.0469387939693,29.524850816582916
filter_aware_threshold07,800,Hybrid,0.01,199,0.9991812570852753,1.0,0.9995904608890148,0.00039170021598703087,0.0009658700012757717,0.0,0.36208762125961824,6161.998228452263,173.15873802160803
filter_aware_threshold07,800,Hybrid,0.03,199,0.9981754121051969,1.0,0.9990868730123744,0.0006536409981349529,0.001383488213557454,0.0,0.28075293555423586,5528.437764989951,173.1715363879397
filter_aware_threshold07,800,Hybrid,0.05,199,0.9959196484620213,1.0,0.9979556534046234,0.0016387455282838902,0.0030634381870624193,0.0,0.23244907599913625,4246.99284996985,173.19862495829145
filter_aware_threshold07,800,Hybrid,0.1,199,0.9915625,1.0,0.9957633767456456,0.0036934002567874363,0.007116516058832157,0.0,0.15509993241402337,3100.661785502514,173.38941288592966
filter_aware_threshold07,800,Hybrid,0.15,199,0.9879195466716483,1.0,0.9939230672848014,0.005567620400520881,0.010603832992883071,0.0,0.14162945531789806,2685.76503118593,173.77639663216084
filter_aware_threshold07,800,Hybrid,0.25,199,0.9808286951144094,0.9996848408446265,0.9901670048384579,0.009474350145051848,0.017012874469971198,0.0,0.09638158563187026,2047.480782819095,175.81906112814073
filter_aware_threshold07,800,Hybrid,0.4,199,0.9678304239401496,0.9785061456035298,0.9731390064253251,0.025158444264957187,0.04602306587469464,0.0,0.0807955311053313,1730.5452506532667,177.01336761859295
filter_aware_threshold07,800,Hybrid,0.6,199,0.9578980490874764,0.9594075007878979,0.9586521807589357,0.03898372028688656,0.06649336062856462,0.0,0.07720406124955838,1632.9338244070336,177.3498989070352
