window,method,method_type,N_global,threshold,hh_precision,hh_recall,hh_f1,aae,are,topk_overlap,q_current,q_next,q_head_current,q_tail_current,q_head_next,q_tail_next,margin_alpha,service_violation,q_up,q_baseline,probe_issued,probe_failed,q_req_unclipped,q_req,q_eff_replay,q_eff_pred,q_eff_pred_tilde,miss_req,miss_eff,over_req,over_eff,calib_bias,candidate_count,candidate_hh_recall,cert_pos_count,cert_pos_precision,cert_pos_mass,ambiguous_count,ambiguous_mass,cert_neg_count,cert_neg_mass,interval_width_avg,interval_width_amb_avg,interval_width_max,completeness_certified,unseen_mass_ub,unseen_ub_over_threshold,mem_worker_algo_kib,mem_worker_key_kib,mem_worker_total_kib,report_volume_kib,control_volume_kib,total_communication_kib,key_request_volume_kib,key_reply_volume_kib,key_resolution_count,mem_coord_ingress_kib,mem_coord_work_kib,mem_coord_control_peak_kib,mem_coord_resolution_peak_kib,mem_coord_peak_kib,update_events,update_ms,update_mops,report_prepare_ms,reduce_ms,control_ms,aggregation_ms
0,ss[policy=difficulty],ss,60000,301,1,1,1,6.875,0.01109679049,1,200,200,,,,,0.0005,0,,200,0,0,0,200,200,200,200,0,0,1,1,0,8,1,8,1,0.09291666667,0,0,0,0,0.0002395833333,0,0.0005,,,,9.066914063,9.167460937,18.234375,472.1015625,3.671875,475.7734375,0.15625,0.2265625,8,5.46875,6.1484375,1.421875,0.4375,11.6171875,60000,26.616616,2.254230966,0.010393,4.921155,0.030734,4.962282
1,ss[policy=difficulty],ss,60000,301,1,1,1,5.75,0.009036217651,1,200,200,,,,,0.0004,0,,200,0,0,0,200,200,200,200,0,0,1,1,0,8,1,8,1,0.09276666667,0,0,0,0,0.0002208333333,0,0.0004,,,,9.066894531,9.197421875,18.26431641,472.1015625,3.671875,475.7734375,0.15625,0.2265625,8,5.46875,6.1484375,1.421875,0.4375,11.6171875,60000,28.633489,2.095448445,0.008576,5.684916,0.02733,5.720822
2,ss[policy=difficulty],ss,60000,301,1,1,1,6.5,0.01012526688,1,200,200,,,,,0.00055,0,,200,0,0,0,200,200,200,200,0,0,1,1,0,8,1,8,1,0.09286666667,0,0,0,0,0.0002625,0,0.00055,,,,9.06765625,9.166269531,18.23392578,472.1015625,3.671875,475.7734375,0.15625,0.2265625,8,5.46875,6.1484375,1.421875,0.4375,11.6171875,60000,28.768713,2.085599033,0.012672,6.56083,0.016635,6.590137
3,ss[policy=difficulty],ss,60000,301,1,1,1,5.75,0.009257230352,1,200,200,,,,,0.0004166666667,0,,200,0,0,0,200,200,200,200,0,0,1,1,0,8,1,8,1,0.09276666667,0,0,0,0,0.0002479166667,0,0.0004166666667,,,,9.066933594,9.19734375,18.26427734,472.1015625,3.671875,475.7734375,0.15625,0.2265625,8,5.46875,6.1484375,1.421875,0.4375,11.6171875,60000,30.995184,1.935784604,0.009328,6.08684,0.023431,6.119599
4,ss[policy=difficulty],ss,60000,301,1,1,1,4.625,0.007169179081,1,200,200,,,,,0.0004,0,,200,0,0,0,200,200,200,200,0,0,1,1,0,8,1,8,1,0.09261666667,0,0,0,0,0.00018125,0,0.0004,,,,9.066835938,9.196738281,18.26357422,472.1015625,3.671875,475.7734375,0.15625,0.2265625,8,5.46875,6.1484375,1.421875,0.4375,11.6171875,60000,35.76793,1.677480357,0.009395,5.405576,0.023237,5.438208
5,ss[policy=difficulty],ss,60000,301,1,1,1,6.5,0.01061656028,1,200,200,,,,,0.0005666666667,0,,200,0,0,0,200,200,200,200,0,0,1,1,0,8,1,8,1,0.09286666667,0,0,0,0,0.0002354166667,0,0.0005666666667,,,,9.067109375,9.1678125,18.23492187,472.1015625,3.671875,475.7734375,0.15625,0.2265625,8,5.46875,6.1484375,1.421875,0.4375,11.6171875,60000,34.863861,1.720979785,0.014764,10.291027,0.068967,10.374758
6,ss[policy=difficulty],ss,60000,301,1,1,1,5.875,0.009341961325,1,200,200,,,,,0.00045,0,,200,0,0,0,200,200,200,200,0,0,1,1,0,8,1,8,1,0.09278333333,0,0,0,0,0.00024375,0,0.00045,,,,9.066953125,9.196699219,18.26365234,472.1015625,3.671875,475.7734375,0.15625,0.2265625,8,5.46875,6.1484375,1.421875,0.4375,11.6171875,60000,38.975675,1.539421703,0.01058,6.241823,0.021474,6.273877
7,ss[policy=difficulty],ss,60000,301,1,1,1,6.375,0.009828373207,1,200,200,,,,,0.0005166666667,0,,200,0,0,0,200,200,200,200,0,0,1,1,0,8,1,8,1,0.09285,0,0,0,0,0.0002520833333,0,0.0005166666667,,,,9.067304688,9.19578125,18.26308594,472.1015625,3.671875,475.7734375,0.15625,0.2265625,8,5.46875,6.1484375,1.421875,0.4375,11.6171875,60000,31.57698,1.900118377,0.011091,6.558624,0.024311,6.594026
8,ss[policy=difficulty],ss,60000,301,1,1,1,5.5,0.008769043986,1,200,200,,,,,0.0004666666667,0,,200,0,0,0,200,200,200,200,0,0,1,1,0,8,1,8,1,0.09273333333,0,0,0,0,0.0002145833333,0,0.0004666666667,,,,9.06703125,9.167792969,18.23482422,472.1015625,3.671875,475.7734375,0.15625,0.2265625,8,5.46875,6.1484375,1.421875,0.4375,11.6171875,60000,30.518901,1.965994778,0.007764,6.679037,0.022565,6.709366
9,ss[policy=difficulty],ss,60000,301,1,1,1,6.125,0.009723081499,1,200,200,,,,,0.0004333333333,0,,200,0,0,0,200,200,200,200,0,0,1,1,0,8,1,8,1,0.09281666667,0,0,0,0,0.0002270833333,0,0.0004333333333,,,,9.066679688,9.167265625,18.23394531,472.1015625,3.671875,475.7734375,0.15625,0.2265625,8,5.46875,6.1484375,1.421875,0.4375,11.6171875,60000,29.776633,2.015002838,0.009872,6.583585,0.031163,6.62462
10,ss[policy=difficulty],ss,60000,301,1,1,1,6.25,0.009670570747,1,200,200,,,,,0.0005666666667,0,,200,0,0,0,200,200,200,200,0,0,1,1,0,8,1,8,1,0.09283333333,0,0,0,0,0.0002604166667,0,0.0005666666667,,,,9.067832031,9.195996094,18.26382812,472.1015625,3.671875,475.7734375,0.15625,0.2265625,8,5.46875,6.1484375,1.421875,0.4375,11.6171875,60000,30.051192,1.996593014,0.012306,6.597826,0.023863,6.633995
11,ss[policy=difficulty],ss,60000,301,1,1,1,5.25,0.008283287985,1,200,200,,,,,0.0003333333333,0,,200,0,0,0,200,200,200,200,0,0,1,1,0,8,1,8,1,0.0927,0,0,0,0,0.0001958333333,0,0.0003333333333,,,,9.067519531,9.167363281,18.23488281,472.1015625,3.671875,475.7734375,0.15625,0.2265625,8,5.46875,6.1484375,1.421875,0.4375,11.6171875,60000,29.62993,2.024979472,0.025999,6.323258,0.025164,6.374421
12,ss[policy=difficulty],ss,60000,301,1,1,1,6.75,0.01073467438,1,200,200,,,,,0.0005833333333,0,,200,0,0,0,200,200,200,200,0,0,1,1,0,8,1,8,1,0.0929,0,0,0,0,0.00023125,0,0.0005833333333,,,,9.066894531,9.167773437,18.23466797,472.1015625,3.671875,475.7734375,0.15625,0.2265625,8,5.46875,6.1484375,1.421875,0.4375,11.6171875,60000,31.718232,1.891656508,0.01199,8.311722,0.03401,8.357722
13,ss[policy=difficulty],ss,60000,301,1,1,1,5.75,0.009057540047,1,200,200,,,,,0.00045,0,,200,0,0,0,200,200,200,200,0,0,1,1,0,8,1,8,1,0.09276666667,0,0,0,0,0.00026875,0,0.00045,,,,9.066679688,9.168105469,18.23478516,472.1015625,3.671875,475.7734375,0.15625,0.2265625,8,5.46875,6.1484375,1.421875,0.4375,11.6171875,60000,30.829394,1.946194596,0.007588,6.542834,0.019177,6.569599
14,ss[policy=difficulty],ss,60000,301,1,1,1,5,0.007562392884,1,200,200,,,,,0.0003833333333,0,,200,0,0,0,200,200,200,200,0,0,1,1,0,8,1,8,1,0.09266666667,0,0,0,0,0.0001958333333,0,0.0003833333333,,,,9.066914063,9.19703125,18.26394531,472.1015625,3.671875,475.7734375,0.15625,0.2265625,8,5.46875,6.1484375,1.421875,0.4375,11.6171875,60000,29.894534,2.007055872,0.012247,6.986435,0.028254,7.026936
15,ss[policy=difficulty],ss,60000,301,1,1,1,5,0.007687084359,1,200,200,,,,,0.0003333333333,0,,200,0,0,0,200,200,200,200,0,0,1,1,0,8,1,8,1,0.09266666667,0,0,0,0,0.0001791666667,0,0.0003333333333,,,,9.068496094,9.197226562,18.26572266,472.1015625,3.671875,475.7734375,0.15625,0.2265625,8,5.46875,6.1484375,1.421875,0.4375,11.6171875,60000,34.379717,1.745215064,0.008863,6.232447,0.022194,6.263504
16,ss[policy=difficulty],ss,60000,301,1,1,1,6.875,0.01109325254,1,200,200,,,,,0.0005666666667,0,,200,0,0,0,200,200,200,200,0,0,1,1,0,8,1,8,1,0.09291666667,0,0,0,0,0.0002208333333,0,0.0005666666667,,,,9.066894531,9.167324219,18.23421875,472.1015625,3.671875,475.7734375,0.15625,0.2265625,8,5.46875,6.1484375,1.421875,0.4375,11.6171875,60000,31.464209,1.906928599,0.009629,6.461362,0.023194,6.494185
17,ss[policy=difficulty],ss,60000,301,1,1,1,6.375,0.01015416349,1,200,200,,,,,0.0005,0,,200,0,0,0,200,200,200,200,0,0,1,1,0,8,1,8,1,0.09285,0,0,0,0,0.0002041666667,0,0.0005,,,,9.066621094,9.166425781,18.23304687,472.1015625,3.671875,475.7734375,0.15625,0.2265625,8,5.46875,6.1484375,1.421875,0.4375,11.6171875,60000,29.54498,2.030801849,0.012014,6.244207,0.022301,6.278522
18,ss[policy=difficulty],ss,60000,301,1,1,1,5.25,0.00804329285,1,200,200,,,,,0.00055,0,,200,0,0,0,200,200,200,200,0,0,1,1,0,8,1,8,1,0.0927,0,0,0,0,0.0002333333333,0,0.00055,,,,9.066699219,9.227070313,18.29376953,472.1015625,3.671875,475.7734375,0.15625,0.2265625,8,5.46875,6.1484375,1.421875,0.4375,11.6171875,60000,41.798395,1.435461816,0.014159,14.173006,0.028229,14.215394
19,ss[policy=difficulty],ss,60000,301,1,1,1,7.625,0.01222100412,1,200,200,,,,,0.0005666666667,0,,200,0,0,0,200,200,200,200,0,0,1,1,0,8,1,8,1,0.09301666667,0,0,0,0,0.00028125,0,0.0005666666667,,,,9.066855469,9.166816406,18.23367187,472.1015625,3.671875,475.7734375,0.15625,0.2265625,8,5.46875,6.1484375,1.421875,0.4375,11.6171875,60000,50.212869,1.194912802,0.033172,17.758283,0.030828,17.822283
20,ss[policy=difficulty],ss,60000,301,1,1,1,5.625,0.008839904968,1,200,200,,,,,0.0004666666667,0,,200,0,0,0,200,200,200,200,0,0,1,1,0,8,1,8,1,0.09275,0,0,0,0,0.0002541666667,0,0.0004666666667,,,,9.066660156,9.197753906,18.26441406,472.1015625,3.671875,475.7734375,0.15625,0.2265625,8,5.46875,6.1484375,1.421875,0.4375,11.6171875,60000,48.309444,1.24199318,0.011125,7.613594,0.02856,7.653279
21,ss[policy=difficulty],ss,60000,301,1,1,1,36.125,0.05343972972,1,200,472,,,,,0.001766666667,1,472,472,0,0,472,472,472,472,472,1,1,0.4237288136,0.4237288136,0.858661619,8,1,8,1,0.09681666667,0,0,0,0,0.001664583333,0,0.001766666667,,,,8.834589844,9.176621094,18.01121094,472.1015625,3.671875,475.7734375,0.15625,0.2265625,8,5.46875,6.1484375,1.421875,0.4375,11.6171875,60000,35.090741,1.70985275,0.013335,6.691199,0.024507,6.729041
22,ss[policy=difficulty],ss,60000,301,1,1,1,0.125,0.0001488095238,1,472,472,,,,,3.333333333e-05,0,,472,0,0,0,472,472,472,472,0,0,1,1,0,8,1,8,1,0.09201666667,0,0,0,0,1.041666667e-05,0,3.333333333e-05,,,,15.40908203,28.79123047,44.2003125,1085.484375,3.671875,1089.15625,0.15625,0.2265625,8,5.46875,6.1484375,1.421875,0.4375,11.6171875,60000,24.315536,2.46755819,0.022033,16.693208,0.023101,16.738342
23,ss[policy=difficulty],ss,60000,301,1,1,1,0.375,0.0005312454979,1,472,372,,,,,5e-05,0,,372,1,0,0,372,372,372,372,0,0,1.268817204,1.268817204,-0.2380851313,8,1,8,1,0.09205,0,0,0,0,2.083333333e-05,0,5e-05,,,,15.40912109,28.79123047,44.20035156,1085.484375,3.671875,1089.15625,0.15625,0.2265625,8,5.46875,6.1484375,1.421875,0.4375,11.6171875,60000,17.235715,3.48114366,0.013304,15.119037,0.022539,15.15488
24,ss[policy=difficulty],ss,60000,301,1,1,1,4.125,0.006147026657,1,372,372,,,,,0.0002166666667,0,,372,0,0,0,372,372,372,372,0,0,1,1,0,8,1,8,1,0.09255,0,0,0,0,0.00014375,0,0.0002166666667,,,,13.06533203,28.79123047,41.8565625,872.0625,3.671875,875.734375,0.15625,0.2265625,8,5.46875,6.1484375,1.421875,0.4375,11.6171875,60000,15.219914,3.942203616,0.013262,12.058289,0.026527,12.098078
25,ss[policy=difficulty],ss,60000,301,1,1,1,4.625,0.006672431804,1,372,372,,,,,0.0002166666667,0,,372,0,0,0,372,372,372,372,0,0,1,1,0,8,1,8,1,0.09261666667,0,0,0,0,0.00013125,0,0.0002166666667,,,,13.0653125,17.77150391,30.83681641,872.0625,3.671875,875.734375,0.15625,0.2265625,8,5.46875,6.1484375,1.421875,0.4375,11.6171875,60000,20.051401,2.992309615,0.012327,12.1823,0.014814,12.209441
26,ss[policy=difficulty],ss,60000,301,1,1,1,4.75,0.006927809489,1,372,372,,,,,0.0001833333333,0,,372,0,0,0,372,372,372,372,0,0,1,1,0,8,1,8,1,0.09263333333,0,0,0,0,0.0001395833333,0,0.0001833333333,,,,13.06529297,17.76806641,30.83335938,872.0625,3.671875,875.734375,0.15625,0.2265625,8,5.46875,6.1484375,1.421875,0.4375,11.6171875,60000,19.919727,3.012089473,0.015461,17.031835,0.023058,17.070354
27,ss[policy=difficulty],ss,60000,301,1,1,1,3.5,0.005149609881,1,372,286,,,,,0.0001833333333,0,,286,1,0,0,286,286,286,286,0,0,1.300699301,1.300699301,-0.2629020435,8,1,8,1,0.09246666667,0,0,0,0,0.0001270833333,0,0.0001833333333,,,,13.06548828,17.76490234,30.83039062,872.0625,3.671875,875.734375,0.15625,0.2265625,8,5.46875,6.1484375,1.421875,0.4375,11.6171875,60000,16.95847,3.538055025,0.011494,16.780676,0.02245,16.81462
28,ss[policy=difficulty],ss,60000,301,1,1,1,13.25,0.01981469207,1,286,286,,,,,0.0006666666667,0,,286,0,0,0,286,286,286,286,0,0,1,1,0,8,1,8,1,0.09376666667,0,0,0,0,0.00050625,0,0.0006666666667,,,,11.05003906,16.72064453,27.77068359,672.515625,3.671875,676.1875,0.15625,0.2265625,8,5.46875,6.1484375,1.421875,0.4375,11.6171875,60000,30.716374,1.953355562,0.012544,9.094306,0.03454,9.14139
29,ss[policy=difficulty],ss,60000,301,1,1,1,10,0.01487330657,1,286,286,,,,,0.0005,0,,286,0,0,0,286,286,286,286,0,0,1,1,0,8,1,8,1,0.09333333333,0,0,0,0,0.0004083333333,0,0.0005,,,,11.05003906,16.49802734,27.54806641,672.515625,3.671875,676.1875,0.15625,0.2265625,8,5.46875,6.1484375,1.421875,0.4375,11.6171875,60000,21.04424,2.851136463,0.009935,9.344338,0.019733,9.374006
30,ss[policy=difficulty],ss,60000,301,1,1,1,0.5,0.000797507155,1,286,286,,,,,5e-05,0,,286,0,0,0,286,286,286,286,0,0,1,1,0,8,1,8,1,0.09206666667,0,0,0,0,2.708333333e-05,0,5e-05,,,,11.08447266,16.624375,27.70884766,673.6640625,3.671875,677.3359375,0.15625,0.2265625,8,5.46875,6.1484375,1.421875,0.4375,11.6171875,60000,17.208681,3.486612367,0.013992,9.066575,0.022129,9.102696
31,ss[policy=difficulty],ss,60000,301,1,1,1,1.5,0.002408922717,1,286,243,,,,,0.0001,0,,243,1,0,0,243,243,243,243,0,0,1.176954733,1.176954733,-0.1629303675,8,1,8,1,0.0922,0,0,0,0,3.958333333e-05,0,0.0001,,,,11.08619141,16.72148437,27.80767578,673.6640625,3.671875,677.3359375,0.15625,0.2265625,8,5.46875,6.1484375,1.421875,0.4375,11.6171875,60000,20.202992,2.969857138,0.016382,8.831911,0.023223,8.871516
32,ss[policy=difficulty],ss,60000,301,1,1,1,2.5,0.003966330179,1,243,243,,,,,0.0002333333333,0,,243,0,0,0,243,243,243,243,0,0,1,1,0,8,1,8,1,0.09233333333,0,0,0,0,9.583333333e-05,0,0.0002333333333,,,,10.07689453,15.88837891,25.96527344,572.8828125,3.671875,576.5546875,0.15625,0.2265625,8,5.46875,6.1484375,1.421875,0.4375,11.6171875,60000,22.386663,2.680167205,0.008781,7.218521,0.0287,7.256002
33,ss[policy=difficulty],ss,60000,301,1,1,1,2.25,0.003613238089,1,243,243,,,,,0.0001666666667,0,,243,0,0,0,243,243,243,243,0,0,1,1,0,8,1,8,1,0.0923,0,0,0,0,8.958333333e-05,0,0.0001666666667,,,,10.07619141,15.88886719,25.96505859,572.8828125,3.671875,576.5546875,0.15625,0.2265625,8,5.46875,6.1484375,1.421875,0.4375,11.6171875,60000,20.828191,2.880711052,0.013859,7.417493,0.020675,7.452027
34,ss[policy=difficulty],ss,60000,301,1,1,1,2.875,0.004449320615,1,243,243,,,,,0.00015,0,,243,0,0,0,243,243,243,243,0,0,1,1,0,8,1,8,1,0.09238333333,0,0,0,0,9.375e-05,0,0.00015,,,,10.07615234,15.88958984,25.96574219,572.8828125,3.671875,576.5546875,0.15625,0.2265625,8,5.46875,6.1484375,1.421875,0.4375,11.6171875,60000,23.353002,2.56926283,0.150943,12.171342,0.030016,12.352301
35,ss[policy=difficulty],ss,60000,301,1,1,1,2.75,0.004212050844,1,243,222,,,,,0.0001666666667,0,,222,1,0,0,222,222,222,222,0,0,1.094594595,1.094594595,-0.09038406147,8,1,8,1,0.09236666667,0,0,0,0,9.791666667e-05,0,0.0001666666667,,,,10.07574219,15.88927734,25.96501953,572.8828125,3.671875,576.5546875,0.15625,0.2265625,8,5.46875,6.1484375,1.421875,0.4375,11.6171875,60000,16.952877,3.539222281,0.012904,7.524589,0.021225,7.558718
36,ss[policy=difficulty],ss,60000,301,1,1,1,3,0.004776656342,1,222,222,,,,,0.0003333333333,0,,222,0,0,0,222,222,222,222,0,0,1,1,0,8,1,8,1,0.0924,0,0,0,0,0.0001291666667,0,0.0003333333333,,,,9.582910156,15.56818359,25.15109375,523.6640625,3.671875,527.3359375,0.15625,0.2265625,8,5.46875,6.1484375,1.421875,0.4375,11.6171875,60000,20.433394,2.936369748,0.012751,8.260207,0.022743,8.295701
37,ss[policy=difficulty],ss,60000,301,1,1,1,3.375,0.005444016776,1,222,222,,,,,0.0003833333333,0,,222,0,0,0,222,222,222,222,0,0,1,1,0,8,1,8,1,0.09245,0,0,0,0,0.00013125,0,0.0003833333333,,,,9.583046875,15.56740234,25.15044922,523.6640625,3.671875,527.3359375,0.15625,0.2265625,8,5.46875,6.1484375,1.421875,0.4375,11.6171875,60000,20.19573,2.970925042,0.007277,8.998008,0.026173,9.031458
38,ss[policy=difficulty],ss,60000,301,1,1,1,3.25,0.005310682962,1,222,222,,,,,0.0003,0,,222,0,0,0,222,222,222,222,0,0,1,1,0,8,1,8,1,0.09243333333,0,0,0,0,0.000125,0,0.0003,,,,9.583261719,15.56732422,25.15058594,523.6640625,3.671875,527.3359375,0.15625,0.2265625,8,5.46875,6.1484375,1.421875,0.4375,11.6171875,60000,29.539344,2.031189318,0.014164,9.963151,0.028574,10.005889
39,ss[policy=difficulty],ss,60000,301,1,1,1,4.25,0.006477608748,1,222,211,,,,,0.0002166666667,0,,211,1,0,0,211,211,211,211,0,0,1.052132701,1.052132701,-0.0508192484,8,1,8,1,0.09256666667,0,0,0,0,0.0001416666667,0,0.0002166666667,,,,9.582578125,15.56730469,25.14988281,523.6640625,3.671875,527.3359375,0.15625,0.2265625,8,5.46875,6.1484375,1.421875,0.4375,11.6171875,60000,26.450318,2.26840373,0.014465,10.206178,0.027052,10.247695
40,ss[policy=difficulty],ss,60000,301,1,1,1,5.375,0.008570796684,1,211,211,,,,,0.0005,0,,211,0,0,0,211,211,211,211,0,0,1,1,0,8,1,8,1,0.09271666667,0,0,0,0,0.0001854166667,0,0.0005,,,,9.324667969,15.39789063,24.72255859,497.8828125,3.671875,501.5546875,0.15625,0.2265625,8,5.46875,6.1484375,1.421875,0.4375,11.6171875,60000,20.31856,2.952965171,0.012096,6.505712,0.02091,6.538718
41,ss[policy=difficulty],ss,60000,301,1,1,1,4.25,0.006704861351,1,211,211,,,,,0.0003,0,,211,0,0,0,211,211,211,211,0,0,1,1,0,8,1,8,1,0.09256666667,0,0,0,0,0.0001541666667,0,0.0003,,,,9.325585937,9.336484375,18.66207031,497.8828125,3.671875,501.5546875,0.15625,0.2265625,8,5.46875,6.1484375,1.421875,0.4375,11.6171875,60000,47.667558,1.258717722,0.00853,6.911987,0.02324,6.943757
42,ss[policy=difficulty],ss,60000,301,1,1,1,34.125,0.05029710492,1,211,460,,,,,0.001633333333,1,460,460,0,0,460,460,460,460,460,1,1,0.4586956522,0.4586956522,0.779368356,8,1,8,1,0.09655,0,0,0,0,0.001495833333,0,0.001633333333,,,,9.11234375,9.341933594,18.45427734,497.8828125,3.671875,501.5546875,0.15625,0.2265625,8,5.46875,6.1484375,1.421875,0.4375,11.6171875,60000,43.319811,1.385047594,0.008176,6.762997,0.030313,6.801486
43,ss[policy=difficulty],ss,60000,301,1,1,1,0.375,0.0006180080315,1,460,460,,,,,1.666666667e-05,0,,460,0,0,0,460,460,460,460,0,0,1,1,0,8,1,8,1,0.09205,0,0,0,0,8.333333333e-06,0,1.666666667e-05,,,,15.12785156,28.99304688,44.12089844,1061.578125,3.671875,1065.25,0.15625,0.2265625,8,5.46875,6.1484375,1.421875,0.4375,11.6171875,60000,23.160367,2.590632523,0.023097,23.697617,0.032653,23.753367
44,ss[policy=difficulty],ss,60000,301,1,1,1,0.875,0.001178332099,1,460,360,,,,,6.666666667e-05,0,,360,1,0,0,360,360,360,360,0,0,1.277777778,1.277777778,-0.245122458,8,1,8,1,0.09211666667,0,0,0,0,2.5e-05,0,6.666666667e-05,,,,15.12787109,28.99304688,44.12091797,1061.578125,3.671875,1065.25,0.15625,0.2265625,8,5.46875,6.1484375,1.421875,0.4375,11.6171875,60000,21.894058,2.740469583,0.015772,17.111882,0.020378,17.148032
45,ss[policy=difficulty],ss,60000,301,1,1,1,5.75,0.008419788109,1,360,360,,,,,0.00025,0,,360,0,0,0,360,360,360,360,0,0,1,1,0,8,1,8,1,0.09276666667,0,0,0,0,0.0001770833333,0,0.00025,,,,12.78404297,28.99304688,41.77708984,844.21875,3.671875,847.890625,0.15625,0.2265625,8,5.46875,6.1484375,1.421875,0.4375,11.6171875,60000,17.657224,3.398042637,0.014448,13.459787,0.025769,13.500004
46,ss[policy=difficulty],ss,60000,301,1,1,1,5,0.007506617363,1,360,360,,,,,0.0002333333333,0,,360,0,0,0,360,360,360,360,0,0,1,1,0,8,1,8,1,0.09266666667,0,0,0,0,0.00016875,0,0.0002333333333,,,,12.78412109,17.51107422,30.29519531,844.21875,3.671875,847.890625,0.15625,0.2265625,8,5.46875,6.1484375,1.421875,0.4375,11.6171875,60000,19.554334,3.068373487,0.017148,13.196799,0.024498,13.238445
47,ss[policy=difficulty],ss,60000,301,1,1,1,5.375,0.007937616445,1,360,360,,,,,0.0002333333333,0,,360,0,0,0,360,360,360,360,0,0,1,1,0,8,1,8,1,0.09271666667,0,0,0,0,0.0001666666667,0,0.0002333333333,,,,12.78404297,17.50769531,30.29173828,844.21875,3.671875,847.890625,0.15625,0.2265625,8,5.46875,6.1484375,1.421875,0.4375,11.6171875,60000,21.63785,2.772918751,0.013047,13.213167,0.028556,13.25477
48,ss[policy=difficulty],ss,60000,301,1,1,1,5.75,0.008461118237,1,360,280,,,,,0.0002333333333,0,,280,1,0,0,280,280,280,280,0,0,1.285714286,1.285714286,-0.2513144283,8,1,8,1,0.09276666667,0,0,0,0,0.0001604166667,0,0.0002333333333,,,,12.78400391,17.50515625,30.28916016,844.21875,3.671875,847.890625,0.15625,0.2265625,8,5.46875,6.1484375,1.421875,0.4375,11.6171875,60000,21.045637,2.850947206,0.018647,14.126246,0.022049,14.166942
49,ss[policy=difficulty],ss,60000,301,1,1,1,12.625,0.01856354254,1,280,280,,,,,0.0007333333333,0,,280,0,0,0,280,280,280,280,0,0,1,1,0,8,1,8,1,0.09368333333,0,0,0,0,0.0005229166667,0,0.0007333333333,,,,10.90945313,16.52140625,27.43085937,658.59375,3.671875,662.265625,0.15625,0.2265625,8,5.46875,6.1484375,1.421875,0.4375,11.6171875,60000,19.589935,3.062797299,0.010869,8.996021,0.025089,9.031979
50,ss[policy=difficulty],ss,60000,301,1,1,1,12.125,0.01846509645,1,280,280,,,,,0.0006333333333,0,,280,0,0,0,280,280,280,280,0,0,1,1,0,8,1,8,1,0.09361666667,0,0,0,0,0.0005145833333,0,0.0006333333333,,,,10.90951172,16.37478516,27.28429687,658.59375,3.671875,662.265625,0.15625,0.2265625,8,5.46875,6.1484375,1.421875,0.4375,11.6171875,60000,23.50426,2.552728739,4.271156,41.527238,0.037112,45.835506
51,ss[policy=difficulty],ss,60000,301,1,1,1,0.625,0.001140334159,1,280,280,,,,,0.0001,0,,280,0,0,0,280,280,280,280,0,0,1,1,0,8,1,8,1,0.09208333333,0,0,0,0,2.708333333e-05,0,0.0001,,,,10.94621094,16.62609375,27.57230469,659.6015625,3.671875,663.2734375,0.15625,0.2265625,8,5.46875,6.1484375,1.421875,0.4375,11.6171875,60000,61.263156,0.9793814736,0.244112,13.897053,0.02789,14.169055
52,ss[policy=difficulty],ss,60000,301,1,1,1,1.375,0.002209794658,1,280,240,,,,,8.333333333e-05,0,,240,1,0,0,240,240,240,240,0,0,1.166666667,1.166666667,-0.1541506798,8,1,8,1,0.09218333333,0,0,0,0,3.333333333e-05,0,8.333333333e-05,,,,10.94542969,16.45916016,27.40458984,659.6015625,3.671875,663.2734375,0.15625,0.2265625,8,5.46875,6.1484375,1.421875,0.4375,11.6171875,60000,28.699551,2.090625041,0.014655,9.830611,0.023658,9.868924
53,ss[policy=difficulty],ss,60000,301,1,1,1,3,0.004922000161,1,240,240,,,,,0.0002666666667,0,,240,0,0,0,240,240,240,240,0,0,1,1,0,8,1,8,1,0.0924,0,0,0,0,0.0001020833333,0,0.0002666666667,,,,10.00564453,15.84398437,25.84962891,565.8515625,3.671875,569.5234375,0.15625,0.2265625,8,5.46875,6.1484375,1.421875,0.4375,11.6171875,60000,20.154048,2.97706942,0.011865,7.597859,0.025401,7.635125
54,ss[policy=difficulty],ss,60000,301,1,1,1,2.25,0.003466097219,1,240,240,,,,,0.0002333333333,0,,240,0,0,0,240,240,240,240,0,0,1,1,0,8,1,8,1,0.0923,0,0,0,0,9.791666667e-05,0,0.0002333333333,,,,10.00669922,15.84402344,25.85072266,565.8515625,3.671875,569.5234375,0.15625,0.2265625,8,5.46875,6.1484375,1.421875,0.4375,11.6171875,60000,19.401678,3.092516018,0.010993,9.838183,0.054316,9.903492
55,ss[policy=difficulty],ss,60000,301,1,1,1,2.5,0.003900726552,1,240,240,,,,,0.0001833333333,0,,240,0,0,0,240,240,240,240,0,0,1,1,0,8,1,8,1,0.09233333333,0,0,0,0,0.00010625,0,0.0001833333333,,,,10.00583984,15.84304688,25.84888672,565.8515625,3.671875,569.5234375,0.15625,0.2265625,8,5.46875,6.1484375,1.421875,0.4375,11.6171875,60000,21.547176,2.784587642,0.016523,8.122473,0.021917,8.160913
56,ss[policy=difficulty],ss,60000,301,1,1,1,2,0.003165962524,1,240,220,,,,,0.0002333333333,0,,220,1,0,0,220,220,220,220,0,0,1.090909091,1.090909091,-0.08701137699,8,1,8,1,0.09226666667,0,0,0,0,9.166666667e-05,0,0.0002333333333,,,,10.00492188,15.8446875,25.84960938,565.8515625,3.671875,569.5234375,0.15625,0.2265625,8,5.46875,6.1484375,1.421875,0.4375,11.6171875,60000,19.38324,3.095457725,0.011257,7.385006,0.025522,7.421785
57,ss[policy=difficulty],ss,60000,301,1,1,1,4.5,0.007129487595,1,220,220,,,,,0.0002833333333,0,,220,0,0,0,220,220,220,220,0,0,1,1,0,8,1,8,1,0.0926,0,0,0,0,0.00013125,0,0.0002833333333,,,,9.537050781,15.53599609,25.07304688,518.9765625,3.671875,522.6484375,0.15625,0.2265625,8,5.46875,6.1484375,1.421875,0.4375,11.6171875,60000,20.861455,2.876117701,0.016001,6.655287,0.029088,6.700376
58,ss[policy=difficulty],ss,60000,301,1,1,1,4.25,0.00676466853,1,220,220,,,,,0.0003166666667,0,,220,0,0,0,220,220,220,220,0,0,1,1,0,8,1,8,1,0.09256666667,0,0,0,0,0.0001354166667,0,0.0003166666667,,,,9.53640625,15.53611328,25.07251953,518.9765625,3.671875,522.6484375,0.15625,0.2265625,8,5.46875,6.1484375,1.421875,0.4375,11.6171875,60000,20.299107,2.95579505,0.008255,6.823468,0.026327,6.85805
59,ss[policy=difficulty],ss,60000,301,1,1,1,4.25,0.006885925868,1,220,220,,,,,0.0002833333333,0,,220,0,0,0,220,220,220,220,0,0,1,1,0,8,1,8,1,0.09256666667,0,0,0,0,0.0001479166667,0,0.0002833333333,,,,9.536777344,15.53636719,25.07314453,518.9765625,3.671875,522.6484375,0.15625,0.2265625,8,5.46875,6.1484375,1.421875,0.4375,11.6171875,60000,19.817247,3.02766575,0.008317,6.775102,0.021529,6.804948
60,ss[policy=difficulty],ss,60000,301,1,1,1,3.125,0.005062624454,1,220,210,,,,,0.0002833333333,0,,210,1,0,0,210,210,210,210,0,0,1.047619048,1.047619048,-0.04652001563,8,1,8,1,0.09241666667,0,0,0,0,0.0001104166667,0,0.0002833333333,,,,9.536738281,15.53578125,25.07251953,518.9765625,3.671875,522.6484375,0.15625,0.2265625,8,5.46875,6.1484375,1.421875,0.4375,11.6171875,60000,19.670386,3.050270595,0.009311,6.466275,0.022327,6.497913
61,ss[policy=difficulty],ss,60000,301,1,1,1,4.25,0.006713264357,1,210,210,,,,,0.0004,0,,210,0,0,0,210,210,210,210,0,0,1,1,0,8,1,8,1,0.09256666667,0,0,0,0,0.0001895833333,0,0.0004,,,,9.302402344,15.38302734,24.68542969,495.5390625,3.671875,499.2109375,0.15625,0.2265625,8,5.46875,6.1484375,1.421875,0.4375,11.6171875,60000,23.021446,2.60626548,0.021973,10.138259,0.047551,10.207783
62,ss[policy=difficulty],ss,60000,301,1,1,1,5.375,0.008609915076,1,210,210,,,,,0.0004,0,,210,0,0,0,210,210,210,210,0,0,1,1,0,8,1,8,1,0.09271666667,0,0,0,0,0.0002145833333,0,0.0004,,,,9.302734375,9.320253906,18.62298828,495.5390625,3.671875,499.2109375,0.15625,0.2265625,8,5.46875,6.1484375,1.421875,0.4375,11.6171875,60000,60.899629,0.9852276768,0.053971,8.95293,0.026482,9.033383
63,ss[policy=difficulty],ss,60000,301,1,1,1,36.75,0.05482014245,1,210,486,,,,,0.001733333333,1,486,486,0,0,486,486,486,486,486,1,1,0.4320987654,0.4320987654,0.8391010932,8,1,8,1,0.0969,0,0,0,0,0.001572916667,0,0.001733333333,,,,9.069023438,9.330117188,18.39914063,495.5390625,3.671875,499.2109375,0.15625,0.2265625,8,5.46875,6.1484375,1.421875,0.4375,11.6171875,60000,54.714653,1.096598383,0.011516,7.154387,0.032094,7.197997
64,ss[policy=difficulty],ss,60000,301,1,1,1,0.25,0.0003801907266,1,486,486,,,,,3.333333333e-05,0,,486,0,0,0,486,486,486,486,0,0,1,1,0,8,1,8,1,0.09203333333,0,0,0,0,1.25e-05,0,3.333333333e-05,,,,15.73726562,28.96341797,44.70068359,1113.023438,3.671875,1116.695312,0.15625,0.2265625,8,5.46875,6.1484375,1.421875,0.4375,11.6171875,60000,19.595395,3.06194389,0.026872,16.733088,0.023049,16.783009
65,ss[policy=difficulty],ss,60000,301,1,1,1,0.625,0.0009572537189,1,486,386,,,,,5e-05,0,,386,1,0,0,386,386,386,386,0,0,1.259067358,1.259067358,-0.2303712544,8,1,8,1,0.09208333333,0,0,0,0,1.458333333e-05,0,5e-05,,,,15.73730469,28.96341797,44.70072266,1113.023438,3.671875,1116.695312,0.15625,0.2265625,8,5.46875,6.1484375,1.421875,0.4375,11.6171875,60000,15.037656,3.989983545,0.024877,20.756021,0.046108,20.827006
66,ss[policy=difficulty],ss,60000,301,1,1,1,3.5,0.005103588004,1,386,386,,,,,0.0001666666667,0,,386,0,0,0,386,386,386,386,0,0,1,1,0,8,1,8,1,0.09246666667,0,0,0,0,0.0001041666667,0,0.0001666666667,,,,13.39357422,28.96341797,42.35699219,904.3359375,3.671875,908.0078125,0.15625,0.2265625,8,5.46875,6.1484375,1.421875,0.4375,11.6171875,60000,21.632646,2.773585811,0.014957,12.672884,0.022253,12.710094
67,ss[policy=difficulty],ss,60000,301,1,1,1,3,0.004327210032,1,386,386,,,,,0.00015,0,,386,0,0,0,386,386,386,386,0,0,1,1,0,8,1,8,1,0.0924,0,0,0,0,9.583333333e-05,0,0.00015,,,,13.39349609,17.87859375,31.27208984,904.3359375,3.671875,908.0078125,0.15625,0.2265625,8,5.46875,6.1484375,1.421875,0.4375,11.6171875,60000,22.54924,2.660843558,0.014792,12.44551,0.020906,12.481208
68,ss[policy=difficulty],ss,60000,301,1,1,1,4.75,0.007075644543,1,386,386,,,,,0.0002333333333,0,,386,0,0,0,386,386,386,386,0,0,1,1,0,8,1,8,1,0.09263333333,0,0,0,0,0.0001541666667,0,0.0002333333333,,,,13.39353516,17.87447266,31.26800781,904.3359375,3.671875,908.0078125,0.15625,0.2265625,8,5.46875,6.1484375,1.421875,0.4375,11.6171875,60000,20.666963,2.903184179,0.023337,11.829307,0.022138,11.874782
69,ss[policy=difficulty],ss,60000,301,1,1,1,3,0.004338657231,1,386,293,,,,,0.0001833333333,0,,293,1,0,0,293,293,293,293,0,0,1.317406143,1.317406143,-0.2756647604,8,1,8,1,0.0924,0,0,0,0,0.00010625,0,0.0001833333333,,,,13.39355469,17.87332031,31.266875,904.3359375,3.671875,908.0078125,0.15625,0.2265625,8,5.46875,6.1484375,1.421875,0.4375,11.6171875,60000,25.847487,2.321308837,0.020653,11.842781,0.021695,11.885129
70,ss[policy=difficulty],ss,60000,301,1,1,1,12,0.01758009959,1,293,293,,,,,0.0005166666667,0,,293,0,0,0,293,293,293,293,0,0,1,1,0,8,1,8,1,0.0936,0,0,0,0,0.0004270833333,0,0.0005166666667,,,,11.21402344,16.76851562,27.98253906,688.7578125,3.671875,692.4296875,0.15625,0.2265625,8,5.46875,6.1484375,1.421875,0.4375,11.6171875,60000,20.029095,2.99564209,0.019437,8.740733,0.027561,8.787731
71,ss[policy=difficulty],ss,60000,301,1,1,1,13.5,0.01955771264,1,293,293,,,,,0.0005166666667,0,,293,0,0,0,293,293,293,293,0,0,1,1,0,8,1,8,1,0.0938,0,0,0,0,0.0004229166667,0,0.0005166666667,,,,11.2140625,16.60208984,27.81615234,688.7578125,3.671875,692.4296875,0.15625,0.2265625,8,5.46875,6.1484375,1.421875,0.4375,11.6171875,60000,21.237503,2.82519089,0.014236,12.097741,0.084443,12.19642
72,ss[policy=difficulty],ss,60000,301,1,1,1,0.875,0.001383609962,1,293,293,,,,,6.666666667e-05,0,,293,0,0,0,293,293,293,293,0,0,1,1,0,8,1,8,1,0.09211666667,0,0,0,0,2.5e-05,0,6.666666667e-05,,,,11.24962891,16.80789062,28.05751953,690.0703125,3.671875,693.7421875,0.15625,0.2265625,8,5.46875,6.1484375,1.421875,0.4375,11.6171875,60000,19.875401,3.018807017,0.011543,9.462482,0.029257,9.503282
73,ss[policy=difficulty],ss,60000,301,1,1,1,0.625,0.0009748899652,1,293,247,,,,,5e-05,0,,247,1,0,0,247,247,247,247,0,0,1.186234818,1.186234818,-0.1707842724,8,1,8,1,0.09208333333,0,0,0,0,2.5e-05,0,5e-05,,,,11.24955078,16.65748047,27.90703125,690.0703125,3.671875,693.7421875,0.15625,0.2265625,8,5.46875,6.1484375,1.421875,0.4375,11.6171875,60000,19.671807,3.050050257,0.015054,9.265569,0.029969,9.310592
74,ss[policy=difficulty],ss,60000,301,1,1,1,2,0.003025161454,1,247,247,,,,,0.0001166666667,0,,247,0,0,0,247,247,247,247,0,0,1,1,0,8,1,8,1,0.09226666667,0,0,0,0,8.125e-05,0,0.0001166666667,,,,10.17,15.95056641,26.12056641,582.2578125,3.671875,585.9296875,0.15625,0.2265625,8,5.46875,6.1484375,1.421875,0.4375,11.6171875,60000,20.343212,2.949386754,0.012474,7.81538,0.02291,7.850764
75,ss[policy=difficulty],ss,60000,301,1,1,1,1.75,0.00269660527,1,247,247,,,,,0.0001333333333,0,,247,0,0,0,247,247,247,247,0,0,1,1,0,8,1,8,1,0.09223333333,0,0,0,0,6.458333333e-05,0,0.0001333333333,,,,10.16902344,15.95240234,26.12142578,582.2578125,3.671875,585.9296875,0.15625,0.2265625,8,5.46875,6.1484375,1.421875,0.4375,11.6171875,60000,20.205042,2.969555817,0.017086,7.251148,0.027484,7.295718
76,ss[policy=difficulty],ss,60000,301,1,1,1,2.5,0.004044100084,1,247,247,,,,,0.0002,0,,247,0,0,0,247,247,247,247,0,0,1,1,0,8,1,8,1,0.09233333333,0,0,0,0,8.125e-05,0,0.0002,,,,10.17154297,15.9515625,26.12310547,582.2578125,3.671875,585.9296875,0.15625,0.2265625,8,5.46875,6.1484375,1.421875,0.4375,11.6171875,60000,21.168588,2.834388387,0.010821,7.116481,0.02301,7.150312
77,ss[policy=difficulty],ss,60000,301,1,1,1,1.75,0.002832703903,1,247,224,,,,,0.0001833333333,0,,224,1,0,0,224,224,224,224,0,0,1.102678571,1.102678571,-0.09774228477,8,1,8,1,0.09223333333,0,0,0,0,7.5e-05,0,0.0001833333333,,,,10.17132813,15.95044922,26.12177734,582.2578125,3.671875,585.9296875,0.15625,0.2265625,8,5.46875,6.1484375,1.421875,0.4375,11.6171875,60000,24.039099,2.495933812,0.03924,12.496243,0.037915,12.573398
78,ss[policy=difficulty],ss,60000,301,1,1,1,3.375,0.005200105827,1,224,224,,,,,0.0003,0,,224,0,0,0,224,224,224,224,0,0,1,1,0,8,1,8,1,0.09245,0,0,0,0,0.00015,0,0.0003,,,,9.63109375,15.59902344,25.23011719,528.3515625,3.671875,532.0234375,0.15625,0.2265625,8,5.46875,6.1484375,1.421875,0.4375,11.6171875,60000,35.172209,1.705892286,0.012667,10.10426,0.046973,10.1639
79,ss[policy=difficulty],ss,60000,301,1,1,1,3.75,0.00613284389,1,224,224,,,,,0.0003833333333,0,,224,0,0,0,224,224,224,224,0,0,1,1,0,8,1,8,1,0.0925,0,0,0,0,0.0001479166667,0,0.0003833333333,,,,9.630058594,15.59853516,25.22859375,528.3515625,3.671875,532.0234375,0.15625,0.2265625,8,5.46875,6.1484375,1.421875,0.4375,11.6171875,60000,26.351126,2.276942549,0.010419,8.333366,0.025034,8.368819
80,ss[policy=difficulty],ss,60000,301,1,1,1,3.75,0.005940580779,1,224,224,,,,,0.0003166666667,0,,224,0,0,0,224,224,224,224,0,0,1,1,0,8,1,8,1,0.0925,0,0,0,0,0.00014375,0,0.0003166666667,,,,9.6296875,15.59826172,25.22794922,528.3515625,3.671875,532.0234375,0.15625,0.2265625,8,5.46875,6.1484375,1.421875,0.4375,11.6171875,60000,26.313391,2.280207823,0.040064,10.837309,0.024459,10.901832
81,ss[policy=difficulty],ss,60000,301,1,1,1,4,0.006307593194,1,224,212,,,,,0.0002166666667,0,,212,1,0,0,212,212,212,212,0,0,1.056603774,1.056603774,-0.05505977718,8,1,8,1,0.09253333333,0,0,0,0,0.0001166666667,0,0.0002166666667,,,,9.630410156,15.59785156,25.22826172,528.3515625,3.671875,532.0234375,0.15625,0.2265625,8,5.46875,6.1484375,1.421875,0.4375,11.6171875,60000,24.38398,2.460631939,0.012974,8.955247,0.025395,8.993616
82,ss[policy=difficulty],ss,60000,301,1,1,1,4.875,0.007608235383,1,212,212,,,,,0.0004,0,,212,0,0,0,212,212,212,212,0,0,1,1,0,8,1,8,1,0.09265,0,0,0,0,0.0001833333333,0,0.0004,,,,9.349980469,15.41216797,24.76214844,500.2265625,3.671875,503.8984375,0.15625,0.2265625,8,5.46875,6.1484375,1.421875,0.4375,11.6171875,60000,28.944725,2.072916568,0.01305,7.224222,0.026455,7.263727
83,ss[policy=difficulty],ss,60000,301,1,1,1,4.375,0.006790995773,1,212,212,,,,,0.00035,0,,212,0,0,0,212,212,212,212,0,0,1,1,0,8,1,8,1,0.09258333333,0,0,0,0,0.00016875,0,0.00035,,,,9.34875,9.351425781,18.70017578,500.2265625,3.671875,503.8984375,0.15625,0.2265625,8,5.46875,6.1484375,1.421875,0.4375,11.6171875,60000,54.417272,1.102591104,0.010635,6.82523,0.022936,6.858801
84,ss[policy=difficulty],ss,60000,301,1,1,1,4.5,0.007222485776,1,212,212,,,,,0.00035,0,,212,0,0,0,212,212,212,212,0,0,1,1,0,8,1,8,1,0.0926,0,0,0,0,0.0002104166667,0,0.00035,,,,9.348632812,9.351699219,18.70033203,500.2265625,3.671875,503.8984375,0.15625,0.2265625,8,5.46875,6.1484375,1.421875,0.4375,11.6171875,60000,54.032867,1.110435247,0.008141,7.40294,0.028463,7.439544
85,ss[policy=difficulty],ss,60000,301,1,1,1,4,0.006499498758,1,212,206,,,,,0.0004333333333,0,,206,1,0,0,206,206,206,206,0,0,1.029126214,1.029126214,-0.02871010588,8,1,8,1,0.09253333333,0,0,0,0,0.00018125,0,0.0004333333333,,,,9.348398438,9.351621094,18.70001953,500.2265625,3.671875,503.8984375,0.15625,0.2265625,8,5.46875,6.1484375,1.421875,0.4375,11.6171875,60000,58.030415,1.033940564,0.013161,6.449551,0.025777,6.488489
86,ss[policy=difficulty],ss,60000,301,1,1,1,4.75,0.00739265638,1,206,206,,,,,0.0004666666667,0,,206,0,0,0,206,206,206,206,0,0,1,1,0,8,1,8,1,0.09263333333,0,0,0,0,0.0001916666667,0,0.0004666666667,,,,9.209394531,9.26078125,18.47017578,486.1640625,3.671875,489.8359375,0.15625,0.2265625,8,5.46875,6.1484375,1.421875,0.4375,11.6171875,60000,35.276285,1.700859373,0.016934,6.201526,0.022291,6.240751
87,ss[policy=difficulty],ss,60000,301,1,1,1,6.625,0.01034344006,1,206,206,,,,,0.0004333333333,0,,206,0,0,0,206,206,206,206,0,0,1,1,0,8,1,8,1,0.09288333333,0,0,0,0,0.0002166666667,0,0.0004333333333,,,,9.207597656,9.259492187,18.46708984,486.1640625,3.671875,489.8359375,0.15625,0.2265625,8,5.46875,6.1484375,1.421875,0.4375,11.6171875,60000,37.743264,1.589687633,0.02433,6.244545,0.021714,6.290589
88,ss[policy=difficulty],ss,60000,301,1,1,1,5.25,0.008135442559,1,206,206,,,,,0.0004333333333,0,,206,0,0,0,206,206,206,206,0,0,1,1,0,8,1,8,1,0.0927,0,0,0,0,0.0001895833333,0,0.0004333333333,,,,9.207265625,9.257539062,18.46480469,486.1640625,3.671875,489.8359375,0.15625,0.2265625,8,5.46875,6.1484375,1.421875,0.4375,11.6171875,60000,37.224223,1.611853658,0.013448,7.070114,0.028283,7.111845
89,ss[policy=difficulty],ss,60000,301,1,1,1,5.25,0.008025038008,1,206,203,,,,,0.0003166666667,0,,203,1,0,0,203,203,203,203,0,0,1.014778325,1.014778325,-0.01467018975,8,1,8,1,0.0927,0,0,0,0,0.00019375,0,0.0003166666667,,,,9.207363281,9.259960938,18.46732422,486.1640625,3.671875,489.8359375,0.15625,0.2265625,8,5.46875,6.1484375,1.421875,0.4375,11.6171875,60000,37.173139,1.614068696,0.032934,9.990014,0.043627,10.066575
90,ss[policy=difficulty],ss,60000,301,1,1,1,6.875,0.01092430336,1,203,203,,,,,0.00055,0,,203,0,0,0,203,203,203,203,0,0,1,1,0,8,1,8,1,0.09291666667,0,0,0,0,0.00025,0,0.00055,,,,9.137851562,9.2434375,18.38128906,479.1328125,3.671875,482.8046875,0.15625,0.2265625,8,5.46875,6.1484375,1.421875,0.4375,11.6171875,60000,42.484673,1.412274022,0.011643,7.47669,0.022877,7.51121
91,ss[policy=difficulty],ss,60000,301,1,1,1,4.875,0.007780926949,1,203,203,,,,,0.0004333333333,0,,203,0,0,0,203,203,203,203,0,0,1,1,0,8,1,8,1,0.09265,0,0,0,0,0.0002125,0,0.0004333333333,,,,9.137226563,9.214882813,18.35210938,479.1328125,3.671875,482.8046875,0.15625,0.2265625,8,5.46875,6.1484375,1.421875,0.4375,11.6171875,60000,35.988019,1.667221527,0.008582,6.912907,0.021515,6.943004
92,ss[policy=difficulty],ss,60000,301,1,1,1,5.5,0.008738754212,1,203,203,,,,,0.0004666666667,0,,203,0,0,0,203,203,203,203,0,0,1,1,0,8,1,8,1,0.09273333333,0,0,0,0,0.0002104166667,0,0.0004666666667,,,,9.137402344,9.213789063,18.35119141,479.1328125,3.671875,482.8046875,0.15625,0.2265625,8,5.46875,6.1484375,1.421875,0.4375,11.6171875,60000,37.256839,1.610442582,0.015373,5.600431,0.018985,5.634789
